,fl_visit,place,ym
0,8.0,Acadia_NP_(ACAD),2014_01
1,4.0,Acadia_NP_(ACAD),2014_02
2,1.0,Acadia_NP_(ACAD),2014_03
3,1.0,Acadia_NP_(ACAD),2014_04
4,12.0,Acadia_NP_(ACAD),2014_05
5,49.0,Acadia_NP_(ACAD),2014_06
6,69.0,Acadia_NP_(ACAD),2014_07
7,87.0,Acadia_NP_(ACAD),2014_08
8,61.0,Acadia_NP_(ACAD),2014_09
9,81.0,Acadia_NP_(ACAD),2014_10
10,3.0,Acadia_NP_(ACAD),2014_11
11,1.0,Acadia_NP_(ACAD),2014_12
12,4.0,Acadia_NP_(ACAD),2015_01
13,1.0,Acadia_NP_(ACAD),2015_02
14,2.0,Acadia_NP_(ACAD),2015_03
15,2.0,Acadia_NP_(ACAD),2015_04
16,21.0,Acadia_NP_(ACAD),2015_05
17,68.0,Acadia_NP_(ACAD),2015_06
18,76.0,Acadia_NP_(ACAD),2015_07
19,45.0,Acadia_NP_(ACAD),2015_08
20,61.0,Acadia_NP_(ACAD),2015_09
21,48.0,Acadia_NP_(ACAD),2015_10
22,3.0,Acadia_NP_(ACAD),2015_11
23,1.0,Acadia_NP_(ACAD),2015_12
24,3.0,Acadia_NP_(ACAD),2016_01
25,2.0,Acadia_NP_(ACAD),2016_02
26,3.0,Acadia_NP_(ACAD),2016_03
27,10.0,Acadia_NP_(ACAD),2016_04
28,24.0,Acadia_NP_(ACAD),2016_05
29,56.0,Acadia_NP_(ACAD),2016_06
30,48.0,Acadia_NP_(ACAD),2016_07
31,45.0,Acadia_NP_(ACAD),2016_08
32,0.0,Adams_NHP,2014_01
33,0.0,Adams_NHP,2014_02
34,0.0,Adams_NHP,2014_03
35,0.0,Adams_NHP,2014_04
36,1.0,Adams_NHP,2014_05
37,0.0,Adams_NHP,2014_06
38,0.0,Adams_NHP,2014_07
39,1.0,Adams_NHP,2014_08
40,0.0,Adams_NHP,2014_09
41,1.0,Adams_NHP,2014_10
42,0.0,Adams_NHP,2014_11
43,0.0,Adams_NHP,2014_12
44,0.0,Adams_NHP,2015_01
45,0.0,Adams_NHP,2015_02
46,0.0,Adams_NHP,2015_03
47,0.0,Adams_NHP,2015_04
48,0.0,Adams_NHP,2015_05
49,0.0,Adams_NHP,2015_06
50,0.0,Adams_NHP,2015_07
51,0.0,Adams_NHP,2015_08
52,2.0,Adams_NHP,2015_09
53,1.0,Adams_NHP,2015_10
54,0.0,Adams_NHP,2015_11
55,0.0,Adams_NHP,2015_12
56,0.0,Adams_NHP,2016_01
57,0.0,Adams_NHP,2016_02
58,0.0,Adams_NHP,2016_03
59,1.0,Adams_NHP,2016_04
60,0.0,Adams_NHP,2016_05
61,0.0,Adams_NHP,2016_06
62,0.0,Adams_NHP,2016_07
63,0.0,Adams_NHP,2016_08
64,0.0,African_Burial_Ground_NM_(AFBG),2014_01
65,0.0,African_Burial_Ground_NM_(AFBG),2014_02
66,1.0,African_Burial_Ground_NM_(AFBG),2014_03
67,0.0,African_Burial_Ground_NM_(AFBG),2014_04
68,0.0,African_Burial_Ground_NM_(AFBG),2014_05
69,0.0,African_Burial_Ground_NM_(AFBG),2014_06
70,0.0,African_Burial_Ground_NM_(AFBG),2014_07
71,1.0,African_Burial_Ground_NM_(AFBG),2014_08
72,0.0,African_Burial_Ground_NM_(AFBG),2014_09
73,0.0,African_Burial_Ground_NM_(AFBG),2014_10
74,0.0,African_Burial_Ground_NM_(AFBG),2014_11
75,0.0,African_Burial_Ground_NM_(AFBG),2014_12
76,0.0,African_Burial_Ground_NM_(AFBG),2015_01
77,0.0,African_Burial_Ground_NM_(AFBG),2015_02
78,0.0,African_Burial_Ground_NM_(AFBG),2015_03
79,1.0,African_Burial_Ground_NM_(AFBG),2015_04
80,1.0,African_Burial_Ground_NM_(AFBG),2015_05
81,1.0,African_Burial_Ground_NM_(AFBG),2015_06
82,0.0,African_Burial_Ground_NM_(AFBG),2015_07
83,1.0,African_Burial_Ground_NM_(AFBG),2015_08
84,1.0,African_Burial_Ground_NM_(AFBG),2015_09
85,0.0,African_Burial_Ground_NM_(AFBG),2015_10
86,1.0,African_Burial_Ground_NM_(AFBG),2015_11
87,0.0,African_Burial_Ground_NM_(AFBG),2015_12
88,1.0,African_Burial_Ground_NM_(AFBG),2016_01
89,0.0,African_Burial_Ground_NM_(AFBG),2016_02
90,0.0,African_Burial_Ground_NM_(AFBG),2016_03
91,0.0,African_Burial_Ground_NM_(AFBG),2016_04
92,0.0,African_Burial_Ground_NM_(AFBG),2016_05
93,0.0,African_Burial_Ground_NM_(AFBG),2016_06
94,0.0,African_Burial_Ground_NM_(AFBG),2016_07
95,0.0,African_Burial_Ground_NM_(AFBG),2016_08
96,0.0,Agate_Fossil_Beds_NM,2014_01
97,0.0,Agate_Fossil_Beds_NM,2014_02
98,0.0,Agate_Fossil_Beds_NM,2014_03
99,0.0,Agate_Fossil_Beds_NM,2014_04
100,0.0,Agate_Fossil_Beds_NM,2014_05
101,1.0,Agate_Fossil_Beds_NM,2014_06
102,0.0,Agate_Fossil_Beds_NM,2014_07
103,0.0,Agate_Fossil_Beds_NM,2014_08
104,0.0,Agate_Fossil_Beds_NM,2014_09
105,0.0,Agate_Fossil_Beds_NM,2014_10
106,0.0,Agate_Fossil_Beds_NM,2014_11
107,0.0,Agate_Fossil_Beds_NM,2014_12
108,0.0,Agate_Fossil_Beds_NM,2015_01
109,0.0,Agate_Fossil_Beds_NM,2015_02
110,0.0,Agate_Fossil_Beds_NM,2015_03
111,0.0,Agate_Fossil_Beds_NM,2015_04
112,0.0,Agate_Fossil_Beds_NM,2015_05
113,0.0,Agate_Fossil_Beds_NM,2015_06
114,0.0,Agate_Fossil_Beds_NM,2015_07
115,0.0,Agate_Fossil_Beds_NM,2015_08
116,1.0,Agate_Fossil_Beds_NM,2015_09
117,0.0,Agate_Fossil_Beds_NM,2015_10
118,0.0,Agate_Fossil_Beds_NM,2015_11
119,0.0,Agate_Fossil_Beds_NM,2015_12
120,0.0,Agate_Fossil_Beds_NM,2016_01
121,0.0,Agate_Fossil_Beds_NM,2016_02
122,0.0,Agate_Fossil_Beds_NM,2016_03
123,0.0,Agate_Fossil_Beds_NM,2016_04
124,0.0,Agate_Fossil_Beds_NM,2016_05
125,0.0,Agate_Fossil_Beds_NM,2016_06
126,3.0,Agate_Fossil_Beds_NM,2016_07
127,1.0,Agate_Fossil_Beds_NM,2016_08
128,0.0,Alibates_Flint_Quarries_NM_(ALFL),2014_01
129,0.0,Alibates_Flint_Quarries_NM_(ALFL),2014_02
130,0.0,Alibates_Flint_Quarries_NM_(ALFL),2014_03
131,0.0,Alibates_Flint_Quarries_NM_(ALFL),2014_04
132,0.0,Alibates_Flint_Quarries_NM_(ALFL),2014_05
133,0.0,Alibates_Flint_Quarries_NM_(ALFL),2014_06
134,0.0,Alibates_Flint_Quarries_NM_(ALFL),2014_07
135,0.0,Alibates_Flint_Quarries_NM_(ALFL),2014_08
136,0.0,Alibates_Flint_Quarries_NM_(ALFL),2014_09
137,1.0,Alibates_Flint_Quarries_NM_(ALFL),2014_10
138,0.0,Alibates_Flint_Quarries_NM_(ALFL),2014_11
139,0.0,Alibates_Flint_Quarries_NM_(ALFL),2014_12
140,0.0,Alibates_Flint_Quarries_NM_(ALFL),2015_01
141,0.0,Alibates_Flint_Quarries_NM_(ALFL),2015_02
142,0.0,Alibates_Flint_Quarries_NM_(ALFL),2015_03
143,0.0,Alibates_Flint_Quarries_NM_(ALFL),2015_04
144,0.0,Alibates_Flint_Quarries_NM_(ALFL),2015_05
145,0.0,Alibates_Flint_Quarries_NM_(ALFL),2015_06
146,0.0,Alibates_Flint_Quarries_NM_(ALFL),2015_07
147,0.0,Alibates_Flint_Quarries_NM_(ALFL),2015_08
148,0.0,Alibates_Flint_Quarries_NM_(ALFL),2015_09
149,0.0,Alibates_Flint_Quarries_NM_(ALFL),2015_10
150,0.0,Alibates_Flint_Quarries_NM_(ALFL),2015_11
151,1.0,Alibates_Flint_Quarries_NM_(ALFL),2015_12
152,0.0,Alibates_Flint_Quarries_NM_(ALFL),2016_01
153,0.0,Alibates_Flint_Quarries_NM_(ALFL),2016_02
154,1.0,Alibates_Flint_Quarries_NM_(ALFL),2016_03
155,0.0,Alibates_Flint_Quarries_NM_(ALFL),2016_04
156,0.0,Alibates_Flint_Quarries_NM_(ALFL),2016_05
157,0.0,Alibates_Flint_Quarries_NM_(ALFL),2016_06
158,0.0,Alibates_Flint_Quarries_NM_(ALFL),2016_07
159,0.0,Alibates_Flint_Quarries_NM_(ALFL),2016_08
160,1.0,Andersonville_NHS_(ANDE),2014_01
161,0.0,Andersonville_NHS_(ANDE),2014_02
162,0.0,Andersonville_NHS_(ANDE),2014_03
163,0.0,Andersonville_NHS_(ANDE),2014_04
164,1.0,Andersonville_NHS_(ANDE),2014_05
165,1.0,Andersonville_NHS_(ANDE),2014_06
166,0.0,Andersonville_NHS_(ANDE),2014_07
167,2.0,Andersonville_NHS_(ANDE),2014_08
168,0.0,Andersonville_NHS_(ANDE),2014_09
169,0.0,Andersonville_NHS_(ANDE),2014_10
170,0.0,Andersonville_NHS_(ANDE),2014_11
171,1.0,Andersonville_NHS_(ANDE),2014_12
172,0.0,Andersonville_NHS_(ANDE),2015_01
173,1.0,Andersonville_NHS_(ANDE),2015_02
174,0.0,Andersonville_NHS_(ANDE),2015_03
175,0.0,Andersonville_NHS_(ANDE),2015_04
176,1.0,Andersonville_NHS_(ANDE),2015_05
177,0.0,Andersonville_NHS_(ANDE),2015_06
178,0.0,Andersonville_NHS_(ANDE),2015_07
179,0.0,Andersonville_NHS_(ANDE),2015_08
180,0.0,Andersonville_NHS_(ANDE),2015_09
181,0.0,Andersonville_NHS_(ANDE),2015_10
182,0.0,Andersonville_NHS_(ANDE),2015_11
183,0.0,Andersonville_NHS_(ANDE),2015_12
184,0.0,Andersonville_NHS_(ANDE),2016_01
185,0.0,Andersonville_NHS_(ANDE),2016_02
186,1.0,Andersonville_NHS_(ANDE),2016_03
187,0.0,Andersonville_NHS_(ANDE),2016_04
188,0.0,Andersonville_NHS_(ANDE),2016_05
189,0.0,Andersonville_NHS_(ANDE),2016_06
190,1.0,Andersonville_NHS_(ANDE),2016_07
191,0.0,Andersonville_NHS_(ANDE),2016_08
192,0.0,Antietam_NB_(ANTI),2014_01
193,1.0,Antietam_NB_(ANTI),2014_02
194,0.0,Antietam_NB_(ANTI),2014_03
195,6.0,Antietam_NB_(ANTI),2014_04
196,7.0,Antietam_NB_(ANTI),2014_05
197,3.0,Antietam_NB_(ANTI),2014_06
198,5.0,Antietam_NB_(ANTI),2014_07
199,4.0,Antietam_NB_(ANTI),2014_08
200,5.0,Antietam_NB_(ANTI),2014_09
201,6.0,Antietam_NB_(ANTI),2014_10
202,0.0,Antietam_NB_(ANTI),2014_11
203,1.0,Antietam_NB_(ANTI),2014_12
204,2.0,Antietam_NB_(ANTI),2015_01
205,1.0,Antietam_NB_(ANTI),2015_02
206,1.0,Antietam_NB_(ANTI),2015_03
207,7.0,Antietam_NB_(ANTI),2015_04
208,5.0,Antietam_NB_(ANTI),2015_05
209,3.0,Antietam_NB_(ANTI),2015_06
210,6.0,Antietam_NB_(ANTI),2015_07
211,5.0,Antietam_NB_(ANTI),2015_08
212,7.0,Antietam_NB_(ANTI),2015_09
213,4.0,Antietam_NB_(ANTI),2015_10
214,7.0,Antietam_NB_(ANTI),2015_11
215,3.0,Antietam_NB_(ANTI),2015_12
216,3.0,Antietam_NB_(ANTI),2016_01
217,1.0,Antietam_NB_(ANTI),2016_02
218,1.0,Antietam_NB_(ANTI),2016_03
219,7.0,Antietam_NB_(ANTI),2016_04
220,1.0,Antietam_NB_(ANTI),2016_05
221,4.0,Antietam_NB_(ANTI),2016_06
222,4.0,Antietam_NB_(ANTI),2016_07
223,2.0,Antietam_NB_(ANTI),2016_08
224,0.0,Appomattox_Court_House_NHP_(APCO),2014_01
225,1.0,Appomattox_Court_House_NHP_(APCO),2014_02
226,0.0,Appomattox_Court_House_NHP_(APCO),2014_03
227,2.0,Appomattox_Court_House_NHP_(APCO),2014_04
228,0.0,Appomattox_Court_House_NHP_(APCO),2014_05
229,2.0,Appomattox_Court_House_NHP_(APCO),2014_06
230,1.0,Appomattox_Court_House_NHP_(APCO),2014_07
231,1.0,Appomattox_Court_House_NHP_(APCO),2014_08
232,0.0,Appomattox_Court_House_NHP_(APCO),2014_09
233,2.0,Appomattox_Court_House_NHP_(APCO),2014_10
234,1.0,Appomattox_Court_House_NHP_(APCO),2014_11
235,0.0,Appomattox_Court_House_NHP_(APCO),2014_12
236,1.0,Appomattox_Court_House_NHP_(APCO),2015_01
237,1.0,Appomattox_Court_House_NHP_(APCO),2015_02
238,0.0,Appomattox_Court_House_NHP_(APCO),2015_03
239,5.0,Appomattox_Court_House_NHP_(APCO),2015_04
240,2.0,Appomattox_Court_House_NHP_(APCO),2015_05
241,0.0,Appomattox_Court_House_NHP_(APCO),2015_06
242,0.0,Appomattox_Court_House_NHP_(APCO),2015_07
243,0.0,Appomattox_Court_House_NHP_(APCO),2015_08
244,0.0,Appomattox_Court_House_NHP_(APCO),2015_09
245,0.0,Appomattox_Court_House_NHP_(APCO),2015_10
246,1.0,Appomattox_Court_House_NHP_(APCO),2015_11
247,0.0,Appomattox_Court_House_NHP_(APCO),2015_12
248,0.0,Appomattox_Court_House_NHP_(APCO),2016_01
249,1.0,Appomattox_Court_House_NHP_(APCO),2016_02
250,0.0,Appomattox_Court_House_NHP_(APCO),2016_03
251,1.0,Appomattox_Court_House_NHP_(APCO),2016_04
252,2.0,Appomattox_Court_House_NHP_(APCO),2016_05
253,1.0,Appomattox_Court_House_NHP_(APCO),2016_06
254,1.0,Appomattox_Court_House_NHP_(APCO),2016_07
255,0.0,Appomattox_Court_House_NHP_(APCO),2016_08
256,30.0,Arches_NP_(ARCH),2014_01
257,18.0,Arches_NP_(ARCH),2014_02
258,55.0,Arches_NP_(ARCH),2014_03
259,52.0,Arches_NP_(ARCH),2014_04
260,70.0,Arches_NP_(ARCH),2014_05
261,55.0,Arches_NP_(ARCH),2014_06
262,53.0,Arches_NP_(ARCH),2014_07
263,57.0,Arches_NP_(ARCH),2014_08
264,57.0,Arches_NP_(ARCH),2014_09
265,52.0,Arches_NP_(ARCH),2014_10
266,25.0,Arches_NP_(ARCH),2014_11
267,20.0,Arches_NP_(ARCH),2014_12
268,14.0,Arches_NP_(ARCH),2015_01
269,21.0,Arches_NP_(ARCH),2015_02
270,38.0,Arches_NP_(ARCH),2015_03
271,40.0,Arches_NP_(ARCH),2015_04
272,65.0,Arches_NP_(ARCH),2015_05
273,47.0,Arches_NP_(ARCH),2015_06
274,27.0,Arches_NP_(ARCH),2015_07
275,48.0,Arches_NP_(ARCH),2015_08
276,53.0,Arches_NP_(ARCH),2015_09
277,59.0,Arches_NP_(ARCH),2015_10
278,25.0,Arches_NP_(ARCH),2015_11
279,10.0,Arches_NP_(ARCH),2015_12
280,7.0,Arches_NP_(ARCH),2016_01
281,4.0,Arches_NP_(ARCH),2016_02
282,22.0,Arches_NP_(ARCH),2016_03
283,33.0,Arches_NP_(ARCH),2016_04
284,36.0,Arches_NP_(ARCH),2016_05
285,28.0,Arches_NP_(ARCH),2016_06
286,29.0,Arches_NP_(ARCH),2016_07
287,30.0,Arches_NP_(ARCH),2016_08
288,0.0,Arkansas_Post_NMEM_(ARPO),2014_01
289,0.0,Arkansas_Post_NMEM_(ARPO),2014_02
290,0.0,Arkansas_Post_NMEM_(ARPO),2014_03
291,0.0,Arkansas_Post_NMEM_(ARPO),2014_04
292,0.0,Arkansas_Post_NMEM_(ARPO),2014_05
293,0.0,Arkansas_Post_NMEM_(ARPO),2014_06
294,0.0,Arkansas_Post_NMEM_(ARPO),2014_07
295,0.0,Arkansas_Post_NMEM_(ARPO),2014_08
296,0.0,Arkansas_Post_NMEM_(ARPO),2014_09
297,0.0,Arkansas_Post_NMEM_(ARPO),2014_10
298,0.0,Arkansas_Post_NMEM_(ARPO),2014_11
299,0.0,Arkansas_Post_NMEM_(ARPO),2014_12
300,0.0,Arkansas_Post_NMEM_(ARPO),2015_01
301,0.0,Arkansas_Post_NMEM_(ARPO),2015_02
302,0.0,Arkansas_Post_NMEM_(ARPO),2015_03
303,2.0,Arkansas_Post_NMEM_(ARPO),2015_04
304,0.0,Arkansas_Post_NMEM_(ARPO),2015_05
305,0.0,Arkansas_Post_NMEM_(ARPO),2015_06
306,0.0,Arkansas_Post_NMEM_(ARPO),2015_07
307,0.0,Arkansas_Post_NMEM_(ARPO),2015_08
308,0.0,Arkansas_Post_NMEM_(ARPO),2015_09
309,0.0,Arkansas_Post_NMEM_(ARPO),2015_10
310,1.0,Arkansas_Post_NMEM_(ARPO),2015_11
311,0.0,Arkansas_Post_NMEM_(ARPO),2015_12
312,0.0,Arkansas_Post_NMEM_(ARPO),2016_01
313,0.0,Arkansas_Post_NMEM_(ARPO),2016_02
314,0.0,Arkansas_Post_NMEM_(ARPO),2016_03
315,1.0,Arkansas_Post_NMEM_(ARPO),2016_04
316,0.0,Arkansas_Post_NMEM_(ARPO),2016_05
317,0.0,Arkansas_Post_NMEM_(ARPO),2016_06
318,0.0,Arkansas_Post_NMEM_(ARPO),2016_07
319,1.0,Arkansas_Post_NMEM_(ARPO),2016_08
320,0.0,Arlington_House_The_R.E._Lee_MEM_(ARHO),2014_01
321,0.0,Arlington_House_The_R.E._Lee_MEM_(ARHO),2014_02
322,0.0,Arlington_House_The_R.E._Lee_MEM_(ARHO),2014_03
323,0.0,Arlington_House_The_R.E._Lee_MEM_(ARHO),2014_04
324,1.0,Arlington_House_The_R.E._Lee_MEM_(ARHO),2014_05
325,0.0,Arlington_House_The_R.E._Lee_MEM_(ARHO),2014_06
326,0.0,Arlington_House_The_R.E._Lee_MEM_(ARHO),2014_07
327,1.0,Arlington_House_The_R.E._Lee_MEM_(ARHO),2014_08
328,2.0,Arlington_House_The_R.E._Lee_MEM_(ARHO),2014_09
329,2.0,Arlington_House_The_R.E._Lee_MEM_(ARHO),2014_10
330,1.0,Arlington_House_The_R.E._Lee_MEM_(ARHO),2014_11
331,0.0,Arlington_House_The_R.E._Lee_MEM_(ARHO),2014_12
332,0.0,Arlington_House_The_R.E._Lee_MEM_(ARHO),2015_01
333,1.0,Arlington_House_The_R.E._Lee_MEM_(ARHO),2015_02
334,0.0,Arlington_House_The_R.E._Lee_MEM_(ARHO),2015_03
335,2.0,Arlington_House_The_R.E._Lee_MEM_(ARHO),2015_04
336,1.0,Arlington_House_The_R.E._Lee_MEM_(ARHO),2015_05
337,0.0,Arlington_House_The_R.E._Lee_MEM_(ARHO),2015_06
338,1.0,Arlington_House_The_R.E._Lee_MEM_(ARHO),2015_07
339,0.0,Arlington_House_The_R.E._Lee_MEM_(ARHO),2015_08
340,1.0,Arlington_House_The_R.E._Lee_MEM_(ARHO),2015_09
341,1.0,Arlington_House_The_R.E._Lee_MEM_(ARHO),2015_10
342,0.0,Arlington_House_The_R.E._Lee_MEM_(ARHO),2015_11
343,0.0,Arlington_House_The_R.E._Lee_MEM_(ARHO),2015_12
344,0.0,Arlington_House_The_R.E._Lee_MEM_(ARHO),2016_01
345,0.0,Arlington_House_The_R.E._Lee_MEM_(ARHO),2016_02
346,0.0,Arlington_House_The_R.E._Lee_MEM_(ARHO),2016_03
347,1.0,Arlington_House_The_R.E._Lee_MEM_(ARHO),2016_04
348,1.0,Arlington_House_The_R.E._Lee_MEM_(ARHO),2016_05
349,1.0,Arlington_House_The_R.E._Lee_MEM_(ARHO),2016_06
350,0.0,Arlington_House_The_R.E._Lee_MEM_(ARHO),2016_07
351,0.0,Arlington_House_The_R.E._Lee_MEM_(ARHO),2016_08
352,7.0,Assateague_Island_NS_(ASIS),2014_01
353,4.0,Assateague_Island_NS_(ASIS),2014_02
354,6.0,Assateague_Island_NS_(ASIS),2014_03
355,10.0,Assateague_Island_NS_(ASIS),2014_04
356,9.0,Assateague_Island_NS_(ASIS),2014_05
357,8.0,Assateague_Island_NS_(ASIS),2014_06
358,9.0,Assateague_Island_NS_(ASIS),2014_07
359,27.0,Assateague_Island_NS_(ASIS),2014_08
360,18.0,Assateague_Island_NS_(ASIS),2014_09
361,9.0,Assateague_Island_NS_(ASIS),2014_10
362,14.0,Assateague_Island_NS_(ASIS),2014_11
363,8.0,Assateague_Island_NS_(ASIS),2014_12
364,5.0,Assateague_Island_NS_(ASIS),2015_01
365,1.0,Assateague_Island_NS_(ASIS),2015_02
366,3.0,Assateague_Island_NS_(ASIS),2015_03
367,10.0,Assateague_Island_NS_(ASIS),2015_04
368,9.0,Assateague_Island_NS_(ASIS),2015_05
369,10.0,Assateague_Island_NS_(ASIS),2015_06
370,9.0,Assateague_Island_NS_(ASIS),2015_07
371,23.0,Assateague_Island_NS_(ASIS),2015_08
372,5.0,Assateague_Island_NS_(ASIS),2015_09
373,4.0,Assateague_Island_NS_(ASIS),2015_10
374,6.0,Assateague_Island_NS_(ASIS),2015_11
375,6.0,Assateague_Island_NS_(ASIS),2015_12
376,8.0,Assateague_Island_NS_(ASIS),2016_01
377,1.0,Assateague_Island_NS_(ASIS),2016_02
378,8.0,Assateague_Island_NS_(ASIS),2016_03
379,9.0,Assateague_Island_NS_(ASIS),2016_04
380,12.0,Assateague_Island_NS_(ASIS),2016_05
381,19.0,Assateague_Island_NS_(ASIS),2016_06
382,16.0,Assateague_Island_NS_(ASIS),2016_07
383,28.0,Assateague_Island_NS_(ASIS),2016_08
384,0.0,Aztec_Ruins_NM_(AZRU),2014_01
385,1.0,Aztec_Ruins_NM_(AZRU),2014_02
386,1.0,Aztec_Ruins_NM_(AZRU),2014_03
387,0.0,Aztec_Ruins_NM_(AZRU),2014_04
388,2.0,Aztec_Ruins_NM_(AZRU),2014_05
389,1.0,Aztec_Ruins_NM_(AZRU),2014_06
390,1.0,Aztec_Ruins_NM_(AZRU),2014_07
391,0.0,Aztec_Ruins_NM_(AZRU),2014_08
392,0.0,Aztec_Ruins_NM_(AZRU),2014_09
393,2.0,Aztec_Ruins_NM_(AZRU),2014_10
394,0.0,Aztec_Ruins_NM_(AZRU),2014_11
395,0.0,Aztec_Ruins_NM_(AZRU),2014_12
396,0.0,Aztec_Ruins_NM_(AZRU),2015_01
397,0.0,Aztec_Ruins_NM_(AZRU),2015_02
398,0.0,Aztec_Ruins_NM_(AZRU),2015_03
399,0.0,Aztec_Ruins_NM_(AZRU),2015_04
400,0.0,Aztec_Ruins_NM_(AZRU),2015_05
401,1.0,Aztec_Ruins_NM_(AZRU),2015_06
402,1.0,Aztec_Ruins_NM_(AZRU),2015_07
403,0.0,Aztec_Ruins_NM_(AZRU),2015_08
404,2.0,Aztec_Ruins_NM_(AZRU),2015_09
405,0.0,Aztec_Ruins_NM_(AZRU),2015_10
406,1.0,Aztec_Ruins_NM_(AZRU),2015_11
407,1.0,Aztec_Ruins_NM_(AZRU),2015_12
408,0.0,Aztec_Ruins_NM_(AZRU),2016_01
409,0.0,Aztec_Ruins_NM_(AZRU),2016_02
410,0.0,Aztec_Ruins_NM_(AZRU),2016_03
411,0.0,Aztec_Ruins_NM_(AZRU),2016_04
412,0.0,Aztec_Ruins_NM_(AZRU),2016_05
413,1.0,Aztec_Ruins_NM_(AZRU),2016_06
414,1.0,Aztec_Ruins_NM_(AZRU),2016_07
415,0.0,Aztec_Ruins_NM_(AZRU),2016_08
416,2.0,Badlands_NP_(BADL),2014_01
417,0.0,Badlands_NP_(BADL),2014_02
418,2.0,Badlands_NP_(BADL),2014_03
419,3.0,Badlands_NP_(BADL),2014_04
420,12.0,Badlands_NP_(BADL),2014_05
421,34.0,Badlands_NP_(BADL),2014_06
422,23.0,Badlands_NP_(BADL),2014_07
423,22.0,Badlands_NP_(BADL),2014_08
424,12.0,Badlands_NP_(BADL),2014_09
425,5.0,Badlands_NP_(BADL),2014_10
426,2.0,Badlands_NP_(BADL),2014_11
427,1.0,Badlands_NP_(BADL),2014_12
428,6.0,Badlands_NP_(BADL),2015_01
429,2.0,Badlands_NP_(BADL),2015_02
430,3.0,Badlands_NP_(BADL),2015_03
431,0.0,Badlands_NP_(BADL),2015_04
432,19.0,Badlands_NP_(BADL),2015_05
433,18.0,Badlands_NP_(BADL),2015_06
434,32.0,Badlands_NP_(BADL),2015_07
435,26.0,Badlands_NP_(BADL),2015_08
436,13.0,Badlands_NP_(BADL),2015_09
437,12.0,Badlands_NP_(BADL),2015_10
438,1.0,Badlands_NP_(BADL),2015_11
439,1.0,Badlands_NP_(BADL),2015_12
440,0.0,Badlands_NP_(BADL),2016_01
441,0.0,Badlands_NP_(BADL),2016_02
442,1.0,Badlands_NP_(BADL),2016_03
443,2.0,Badlands_NP_(BADL),2016_04
444,27.0,Badlands_NP_(BADL),2016_05
445,27.0,Badlands_NP_(BADL),2016_06
446,19.0,Badlands_NP_(BADL),2016_07
447,20.0,Badlands_NP_(BADL),2016_08
448,2.0,Bandelier_NM_(BAND),2014_01
449,4.0,Bandelier_NM_(BAND),2014_02
450,3.0,Bandelier_NM_(BAND),2014_03
451,7.0,Bandelier_NM_(BAND),2014_04
452,8.0,Bandelier_NM_(BAND),2014_05
453,3.0,Bandelier_NM_(BAND),2014_06
454,2.0,Bandelier_NM_(BAND),2014_07
455,1.0,Bandelier_NM_(BAND),2014_08
456,2.0,Bandelier_NM_(BAND),2014_09
457,5.0,Bandelier_NM_(BAND),2014_10
458,2.0,Bandelier_NM_(BAND),2014_11
459,2.0,Bandelier_NM_(BAND),2014_12
460,3.0,Bandelier_NM_(BAND),2015_01
461,2.0,Bandelier_NM_(BAND),2015_02
462,3.0,Bandelier_NM_(BAND),2015_03
463,6.0,Bandelier_NM_(BAND),2015_04
464,12.0,Bandelier_NM_(BAND),2015_05
465,8.0,Bandelier_NM_(BAND),2015_06
466,4.0,Bandelier_NM_(BAND),2015_07
467,4.0,Bandelier_NM_(BAND),2015_08
468,3.0,Bandelier_NM_(BAND),2015_09
469,4.0,Bandelier_NM_(BAND),2015_10
470,4.0,Bandelier_NM_(BAND),2015_11
471,2.0,Bandelier_NM_(BAND),2015_12
472,2.0,Bandelier_NM_(BAND),2016_01
473,0.0,Bandelier_NM_(BAND),2016_02
474,1.0,Bandelier_NM_(BAND),2016_03
475,2.0,Bandelier_NM_(BAND),2016_04
476,11.0,Bandelier_NM_(BAND),2016_05
477,3.0,Bandelier_NM_(BAND),2016_06
478,3.0,Bandelier_NM_(BAND),2016_07
479,9.0,Bandelier_NM_(BAND),2016_08
480,0.0,Bent's_Old_Fort_NHS_(BEOL),2014_01
481,0.0,Bent's_Old_Fort_NHS_(BEOL),2014_02
482,0.0,Bent's_Old_Fort_NHS_(BEOL),2014_03
483,1.0,Bent's_Old_Fort_NHS_(BEOL),2014_04
484,0.0,Bent's_Old_Fort_NHS_(BEOL),2014_05
485,1.0,Bent's_Old_Fort_NHS_(BEOL),2014_06
486,0.0,Bent's_Old_Fort_NHS_(BEOL),2014_07
487,0.0,Bent's_Old_Fort_NHS_(BEOL),2014_08
488,0.0,Bent's_Old_Fort_NHS_(BEOL),2014_09
489,1.0,Bent's_Old_Fort_NHS_(BEOL),2014_10
490,0.0,Bent's_Old_Fort_NHS_(BEOL),2014_11
491,0.0,Bent's_Old_Fort_NHS_(BEOL),2014_12
492,0.0,Bent's_Old_Fort_NHS_(BEOL),2015_01
493,0.0,Bent's_Old_Fort_NHS_(BEOL),2015_02
494,3.0,Bent's_Old_Fort_NHS_(BEOL),2015_03
495,0.0,Bent's_Old_Fort_NHS_(BEOL),2015_04
496,0.0,Bent's_Old_Fort_NHS_(BEOL),2015_05
497,0.0,Bent's_Old_Fort_NHS_(BEOL),2015_06
498,2.0,Bent's_Old_Fort_NHS_(BEOL),2015_07
499,0.0,Bent's_Old_Fort_NHS_(BEOL),2015_08
500,0.0,Bent's_Old_Fort_NHS_(BEOL),2015_09
501,0.0,Bent's_Old_Fort_NHS_(BEOL),2015_10
502,0.0,Bent's_Old_Fort_NHS_(BEOL),2015_11
503,0.0,Bent's_Old_Fort_NHS_(BEOL),2015_12
504,0.0,Bent's_Old_Fort_NHS_(BEOL),2016_01
505,0.0,Bent's_Old_Fort_NHS_(BEOL),2016_02
506,0.0,Bent's_Old_Fort_NHS_(BEOL),2016_03
507,0.0,Bent's_Old_Fort_NHS_(BEOL),2016_04
508,0.0,Bent's_Old_Fort_NHS_(BEOL),2016_05
509,2.0,Bent's_Old_Fort_NHS_(BEOL),2016_06
510,1.0,Bent's_Old_Fort_NHS_(BEOL),2016_07
511,0.0,Bent's_Old_Fort_NHS_(BEOL),2016_08
512,0.0,Bering_Land_Bridge_NPRES_(BELA),2014_01
513,0.0,Bering_Land_Bridge_NPRES_(BELA),2014_02
514,0.0,Bering_Land_Bridge_NPRES_(BELA),2014_03
515,0.0,Bering_Land_Bridge_NPRES_(BELA),2014_04
516,0.0,Bering_Land_Bridge_NPRES_(BELA),2014_05
517,0.0,Bering_Land_Bridge_NPRES_(BELA),2014_06
518,0.0,Bering_Land_Bridge_NPRES_(BELA),2014_07
519,0.0,Bering_Land_Bridge_NPRES_(BELA),2014_08
520,0.0,Bering_Land_Bridge_NPRES_(BELA),2014_09
521,0.0,Bering_Land_Bridge_NPRES_(BELA),2014_10
522,0.0,Bering_Land_Bridge_NPRES_(BELA),2014_11
523,0.0,Bering_Land_Bridge_NPRES_(BELA),2014_12
524,0.0,Bering_Land_Bridge_NPRES_(BELA),2015_01
525,0.0,Bering_Land_Bridge_NPRES_(BELA),2015_02
526,0.0,Bering_Land_Bridge_NPRES_(BELA),2015_03
527,0.0,Bering_Land_Bridge_NPRES_(BELA),2015_04
528,0.0,Bering_Land_Bridge_NPRES_(BELA),2015_05
529,0.0,Bering_Land_Bridge_NPRES_(BELA),2015_06
530,0.0,Bering_Land_Bridge_NPRES_(BELA),2015_07
531,0.0,Bering_Land_Bridge_NPRES_(BELA),2015_08
532,0.0,Bering_Land_Bridge_NPRES_(BELA),2015_09
533,1.0,Bering_Land_Bridge_NPRES_(BELA),2015_10
534,0.0,Bering_Land_Bridge_NPRES_(BELA),2015_11
535,0.0,Bering_Land_Bridge_NPRES_(BELA),2015_12
536,0.0,Bering_Land_Bridge_NPRES_(BELA),2016_01
537,0.0,Bering_Land_Bridge_NPRES_(BELA),2016_02
538,0.0,Bering_Land_Bridge_NPRES_(BELA),2016_03
539,0.0,Bering_Land_Bridge_NPRES_(BELA),2016_04
540,0.0,Bering_Land_Bridge_NPRES_(BELA),2016_05
541,0.0,Bering_Land_Bridge_NPRES_(BELA),2016_06
542,0.0,Bering_Land_Bridge_NPRES_(BELA),2016_07
543,0.0,Bering_Land_Bridge_NPRES_(BELA),2016_08
544,15.0,Big_Bend_NP_(BIBE),2014_01
545,7.0,Big_Bend_NP_(BIBE),2014_02
546,18.0,Big_Bend_NP_(BIBE),2014_03
547,25.0,Big_Bend_NP_(BIBE),2014_04
548,13.0,Big_Bend_NP_(BIBE),2014_05
549,11.0,Big_Bend_NP_(BIBE),2014_06
550,9.0,Big_Bend_NP_(BIBE),2014_07
551,7.0,Big_Bend_NP_(BIBE),2014_08
552,9.0,Big_Bend_NP_(BIBE),2014_09
553,20.0,Big_Bend_NP_(BIBE),2014_10
554,14.0,Big_Bend_NP_(BIBE),2014_11
555,18.0,Big_Bend_NP_(BIBE),2014_12
556,1.0,Big_Bend_NP_(BIBE),2015_01
557,6.0,Big_Bend_NP_(BIBE),2015_02
558,16.0,Big_Bend_NP_(BIBE),2015_03
559,42.0,Big_Bend_NP_(BIBE),2015_04
560,22.0,Big_Bend_NP_(BIBE),2015_05
561,13.0,Big_Bend_NP_(BIBE),2015_06
562,6.0,Big_Bend_NP_(BIBE),2015_07
563,10.0,Big_Bend_NP_(BIBE),2015_08
564,17.0,Big_Bend_NP_(BIBE),2015_09
565,17.0,Big_Bend_NP_(BIBE),2015_10
566,27.0,Big_Bend_NP_(BIBE),2015_11
567,25.0,Big_Bend_NP_(BIBE),2015_12
568,17.0,Big_Bend_NP_(BIBE),2016_01
569,21.0,Big_Bend_NP_(BIBE),2016_02
570,29.0,Big_Bend_NP_(BIBE),2016_03
571,24.0,Big_Bend_NP_(BIBE),2016_04
572,23.0,Big_Bend_NP_(BIBE),2016_05
573,13.0,Big_Bend_NP_(BIBE),2016_06
574,10.0,Big_Bend_NP_(BIBE),2016_07
575,9.0,Big_Bend_NP_(BIBE),2016_08
576,10.0,Big_Cypress_NPRES_(BICY),2014_01
577,12.0,Big_Cypress_NPRES_(BICY),2014_02
578,8.0,Big_Cypress_NPRES_(BICY),2014_03
579,11.0,Big_Cypress_NPRES_(BICY),2014_04
580,10.0,Big_Cypress_NPRES_(BICY),2014_05
581,2.0,Big_Cypress_NPRES_(BICY),2014_06
582,15.0,Big_Cypress_NPRES_(BICY),2014_07
583,7.0,Big_Cypress_NPRES_(BICY),2014_08
584,3.0,Big_Cypress_NPRES_(BICY),2014_09
585,8.0,Big_Cypress_NPRES_(BICY),2014_10
586,10.0,Big_Cypress_NPRES_(BICY),2014_11
587,10.0,Big_Cypress_NPRES_(BICY),2014_12
588,13.0,Big_Cypress_NPRES_(BICY),2015_01
589,8.0,Big_Cypress_NPRES_(BICY),2015_02
590,23.0,Big_Cypress_NPRES_(BICY),2015_03
591,2.0,Big_Cypress_NPRES_(BICY),2015_04
592,19.0,Big_Cypress_NPRES_(BICY),2015_05
593,9.0,Big_Cypress_NPRES_(BICY),2015_06
594,5.0,Big_Cypress_NPRES_(BICY),2015_07
595,5.0,Big_Cypress_NPRES_(BICY),2015_08
596,5.0,Big_Cypress_NPRES_(BICY),2015_09
597,7.0,Big_Cypress_NPRES_(BICY),2015_10
598,9.0,Big_Cypress_NPRES_(BICY),2015_11
599,10.0,Big_Cypress_NPRES_(BICY),2015_12
600,9.0,Big_Cypress_NPRES_(BICY),2016_01
601,6.0,Big_Cypress_NPRES_(BICY),2016_02
602,10.0,Big_Cypress_NPRES_(BICY),2016_03
603,6.0,Big_Cypress_NPRES_(BICY),2016_04
604,6.0,Big_Cypress_NPRES_(BICY),2016_05
605,2.0,Big_Cypress_NPRES_(BICY),2016_06
606,4.0,Big_Cypress_NPRES_(BICY),2016_07
607,4.0,Big_Cypress_NPRES_(BICY),2016_08
608,0.0,Big_Hole_NB_(BIHO),2014_01
609,0.0,Big_Hole_NB_(BIHO),2014_02
610,0.0,Big_Hole_NB_(BIHO),2014_03
611,0.0,Big_Hole_NB_(BIHO),2014_04
612,0.0,Big_Hole_NB_(BIHO),2014_05
613,0.0,Big_Hole_NB_(BIHO),2014_06
614,3.0,Big_Hole_NB_(BIHO),2014_07
615,1.0,Big_Hole_NB_(BIHO),2014_08
616,0.0,Big_Hole_NB_(BIHO),2014_09
617,0.0,Big_Hole_NB_(BIHO),2014_10
618,0.0,Big_Hole_NB_(BIHO),2014_11
619,0.0,Big_Hole_NB_(BIHO),2014_12
620,0.0,Big_Hole_NB_(BIHO),2015_01
621,0.0,Big_Hole_NB_(BIHO),2015_02
622,0.0,Big_Hole_NB_(BIHO),2015_03
623,0.0,Big_Hole_NB_(BIHO),2015_04
624,0.0,Big_Hole_NB_(BIHO),2015_05
625,0.0,Big_Hole_NB_(BIHO),2015_06
626,0.0,Big_Hole_NB_(BIHO),2015_07
627,1.0,Big_Hole_NB_(BIHO),2015_08
628,0.0,Big_Hole_NB_(BIHO),2015_09
629,0.0,Big_Hole_NB_(BIHO),2015_10
630,0.0,Big_Hole_NB_(BIHO),2015_11
631,0.0,Big_Hole_NB_(BIHO),2015_12
632,0.0,Big_Hole_NB_(BIHO),2016_01
633,0.0,Big_Hole_NB_(BIHO),2016_02
634,0.0,Big_Hole_NB_(BIHO),2016_03
635,0.0,Big_Hole_NB_(BIHO),2016_04
636,2.0,Big_Hole_NB_(BIHO),2016_05
637,1.0,Big_Hole_NB_(BIHO),2016_06
638,0.0,Big_Hole_NB_(BIHO),2016_07
639,0.0,Big_Hole_NB_(BIHO),2016_08
640,2.0,Big_South_Fork_NRRA_(BISO),2014_01
641,0.0,Big_South_Fork_NRRA_(BISO),2014_02
642,0.0,Big_South_Fork_NRRA_(BISO),2014_03
643,0.0,Big_South_Fork_NRRA_(BISO),2014_04
644,2.0,Big_South_Fork_NRRA_(BISO),2014_05
645,0.0,Big_South_Fork_NRRA_(BISO),2014_06
646,4.0,Big_South_Fork_NRRA_(BISO),2014_07
647,0.0,Big_South_Fork_NRRA_(BISO),2014_08
648,0.0,Big_South_Fork_NRRA_(BISO),2014_09
649,0.0,Big_South_Fork_NRRA_(BISO),2014_10
650,0.0,Big_South_Fork_NRRA_(BISO),2014_11
651,1.0,Big_South_Fork_NRRA_(BISO),2014_12
652,1.0,Big_South_Fork_NRRA_(BISO),2015_01
653,0.0,Big_South_Fork_NRRA_(BISO),2015_02
654,0.0,Big_South_Fork_NRRA_(BISO),2015_03
655,1.0,Big_South_Fork_NRRA_(BISO),2015_04
656,4.0,Big_South_Fork_NRRA_(BISO),2015_05
657,0.0,Big_South_Fork_NRRA_(BISO),2015_06
658,2.0,Big_South_Fork_NRRA_(BISO),2015_07
659,0.0,Big_South_Fork_NRRA_(BISO),2015_08
660,0.0,Big_South_Fork_NRRA_(BISO),2015_09
661,1.0,Big_South_Fork_NRRA_(BISO),2015_10
662,1.0,Big_South_Fork_NRRA_(BISO),2015_11
663,1.0,Big_South_Fork_NRRA_(BISO),2015_12
664,0.0,Big_South_Fork_NRRA_(BISO),2016_01
665,1.0,Big_South_Fork_NRRA_(BISO),2016_02
666,0.0,Big_South_Fork_NRRA_(BISO),2016_03
667,2.0,Big_South_Fork_NRRA_(BISO),2016_04
668,1.0,Big_South_Fork_NRRA_(BISO),2016_05
669,1.0,Big_South_Fork_NRRA_(BISO),2016_06
670,0.0,Big_South_Fork_NRRA_(BISO),2016_07
671,1.0,Big_South_Fork_NRRA_(BISO),2016_08
672,0.0,Bighorn_Canyon_NRA,2014_01
673,0.0,Bighorn_Canyon_NRA,2014_02
674,1.0,Bighorn_Canyon_NRA,2014_03
675,0.0,Bighorn_Canyon_NRA,2014_04
676,0.0,Bighorn_Canyon_NRA,2014_05
677,1.0,Bighorn_Canyon_NRA,2014_06
678,1.0,Bighorn_Canyon_NRA,2014_07
679,2.0,Bighorn_Canyon_NRA,2014_08
680,2.0,Bighorn_Canyon_NRA,2014_09
681,0.0,Bighorn_Canyon_NRA,2014_10
682,0.0,Bighorn_Canyon_NRA,2014_11
683,0.0,Bighorn_Canyon_NRA,2014_12
684,0.0,Bighorn_Canyon_NRA,2015_01
685,0.0,Bighorn_Canyon_NRA,2015_02
686,0.0,Bighorn_Canyon_NRA,2015_03
687,1.0,Bighorn_Canyon_NRA,2015_04
688,2.0,Bighorn_Canyon_NRA,2015_05
689,2.0,Bighorn_Canyon_NRA,2015_06
690,2.0,Bighorn_Canyon_NRA,2015_07
691,1.0,Bighorn_Canyon_NRA,2015_08
692,0.0,Bighorn_Canyon_NRA,2015_09
693,2.0,Bighorn_Canyon_NRA,2015_10
694,0.0,Bighorn_Canyon_NRA,2015_11
695,1.0,Bighorn_Canyon_NRA,2015_12
696,0.0,Bighorn_Canyon_NRA,2016_01
697,0.0,Bighorn_Canyon_NRA,2016_02
698,0.0,Bighorn_Canyon_NRA,2016_03
699,0.0,Bighorn_Canyon_NRA,2016_04
700,0.0,Bighorn_Canyon_NRA,2016_05
701,0.0,Bighorn_Canyon_NRA,2016_06
702,2.0,Bighorn_Canyon_NRA,2016_07
703,2.0,Bighorn_Canyon_NRA,2016_08
704,2.0,Biscayne_NP,2014_01
705,3.0,Biscayne_NP,2014_02
706,3.0,Biscayne_NP,2014_03
707,3.0,Biscayne_NP,2014_04
708,3.0,Biscayne_NP,2014_05
709,5.0,Biscayne_NP,2014_06
710,1.0,Biscayne_NP,2014_07
711,1.0,Biscayne_NP,2014_08
712,0.0,Biscayne_NP,2014_09
713,4.0,Biscayne_NP,2014_10
714,0.0,Biscayne_NP,2014_11
715,1.0,Biscayne_NP,2014_12
716,5.0,Biscayne_NP,2015_01
717,0.0,Biscayne_NP,2015_02
718,0.0,Biscayne_NP,2015_03
719,5.0,Biscayne_NP,2015_04
720,5.0,Biscayne_NP,2015_05
721,2.0,Biscayne_NP,2015_06
722,1.0,Biscayne_NP,2015_07
723,5.0,Biscayne_NP,2015_08
724,2.0,Biscayne_NP,2015_09
725,10.0,Biscayne_NP,2015_10
726,2.0,Biscayne_NP,2015_11
727,3.0,Biscayne_NP,2015_12
728,8.0,Biscayne_NP,2016_01
729,4.0,Biscayne_NP,2016_02
730,4.0,Biscayne_NP,2016_03
731,1.0,Biscayne_NP,2016_04
732,1.0,Biscayne_NP,2016_05
733,0.0,Biscayne_NP,2016_06
734,2.0,Biscayne_NP,2016_07
735,2.0,Biscayne_NP,2016_08
736,0.0,Black_Canyon_of_the_Gunnison_NP,2014_01
737,1.0,Black_Canyon_of_the_Gunnison_NP,2014_02
738,0.0,Black_Canyon_of_the_Gunnison_NP,2014_03
739,4.0,Black_Canyon_of_the_Gunnison_NP,2014_04
740,11.0,Black_Canyon_of_the_Gunnison_NP,2014_05
741,8.0,Black_Canyon_of_the_Gunnison_NP,2014_06
742,7.0,Black_Canyon_of_the_Gunnison_NP,2014_07
743,8.0,Black_Canyon_of_the_Gunnison_NP,2014_08
744,5.0,Black_Canyon_of_the_Gunnison_NP,2014_09
745,6.0,Black_Canyon_of_the_Gunnison_NP,2014_10
746,1.0,Black_Canyon_of_the_Gunnison_NP,2014_11
747,0.0,Black_Canyon_of_the_Gunnison_NP,2014_12
748,0.0,Black_Canyon_of_the_Gunnison_NP,2015_01
749,1.0,Black_Canyon_of_the_Gunnison_NP,2015_02
750,2.0,Black_Canyon_of_the_Gunnison_NP,2015_03
751,3.0,Black_Canyon_of_the_Gunnison_NP,2015_04
752,6.0,Black_Canyon_of_the_Gunnison_NP,2015_05
753,6.0,Black_Canyon_of_the_Gunnison_NP,2015_06
754,5.0,Black_Canyon_of_the_Gunnison_NP,2015_07
755,4.0,Black_Canyon_of_the_Gunnison_NP,2015_08
756,7.0,Black_Canyon_of_the_Gunnison_NP,2015_09
757,5.0,Black_Canyon_of_the_Gunnison_NP,2015_10
758,1.0,Black_Canyon_of_the_Gunnison_NP,2015_11
759,1.0,Black_Canyon_of_the_Gunnison_NP,2015_12
760,0.0,Black_Canyon_of_the_Gunnison_NP,2016_01
761,0.0,Black_Canyon_of_the_Gunnison_NP,2016_02
762,1.0,Black_Canyon_of_the_Gunnison_NP,2016_03
763,0.0,Black_Canyon_of_the_Gunnison_NP,2016_04
764,4.0,Black_Canyon_of_the_Gunnison_NP,2016_05
765,8.0,Black_Canyon_of_the_Gunnison_NP,2016_06
766,15.0,Black_Canyon_of_the_Gunnison_NP,2016_07
767,6.0,Black_Canyon_of_the_Gunnison_NP,2016_08
768,4.0,Blue_Ridge_PKWY,2014_01
769,11.0,Blue_Ridge_PKWY,2014_02
770,17.0,Blue_Ridge_PKWY,2014_03
771,20.0,Blue_Ridge_PKWY,2014_04
772,47.0,Blue_Ridge_PKWY,2014_05
773,32.0,Blue_Ridge_PKWY,2014_06
774,44.0,Blue_Ridge_PKWY,2014_07
775,24.0,Blue_Ridge_PKWY,2014_08
776,37.0,Blue_Ridge_PKWY,2014_09
777,118.0,Blue_Ridge_PKWY,2014_10
778,12.0,Blue_Ridge_PKWY,2014_11
779,10.0,Blue_Ridge_PKWY,2014_12
780,12.0,Blue_Ridge_PKWY,2015_01
781,13.0,Blue_Ridge_PKWY,2015_02
782,21.0,Blue_Ridge_PKWY,2015_03
783,28.0,Blue_Ridge_PKWY,2015_04
784,78.0,Blue_Ridge_PKWY,2015_05
785,50.0,Blue_Ridge_PKWY,2015_06
786,49.0,Blue_Ridge_PKWY,2015_07
787,33.0,Blue_Ridge_PKWY,2015_08
788,34.0,Blue_Ridge_PKWY,2015_09
789,95.0,Blue_Ridge_PKWY,2015_10
790,22.0,Blue_Ridge_PKWY,2015_11
791,13.0,Blue_Ridge_PKWY,2015_12
792,8.0,Blue_Ridge_PKWY,2016_01
793,6.0,Blue_Ridge_PKWY,2016_02
794,10.0,Blue_Ridge_PKWY,2016_03
795,27.0,Blue_Ridge_PKWY,2016_04
796,61.0,Blue_Ridge_PKWY,2016_05
797,31.0,Blue_Ridge_PKWY,2016_06
798,40.0,Blue_Ridge_PKWY,2016_07
799,27.0,Blue_Ridge_PKWY,2016_08
800,0.0,Brown_v._Board_of_Education_NHS,2014_01
801,0.0,Brown_v._Board_of_Education_NHS,2014_02
802,0.0,Brown_v._Board_of_Education_NHS,2014_03
803,0.0,Brown_v._Board_of_Education_NHS,2014_04
804,0.0,Brown_v._Board_of_Education_NHS,2014_05
805,0.0,Brown_v._Board_of_Education_NHS,2014_06
806,0.0,Brown_v._Board_of_Education_NHS,2014_07
807,0.0,Brown_v._Board_of_Education_NHS,2014_08
808,0.0,Brown_v._Board_of_Education_NHS,2014_09
809,0.0,Brown_v._Board_of_Education_NHS,2014_10
810,0.0,Brown_v._Board_of_Education_NHS,2014_11
811,0.0,Brown_v._Board_of_Education_NHS,2014_12
812,0.0,Brown_v._Board_of_Education_NHS,2015_01
813,0.0,Brown_v._Board_of_Education_NHS,2015_02
814,0.0,Brown_v._Board_of_Education_NHS,2015_03
815,1.0,Brown_v._Board_of_Education_NHS,2015_04
816,0.0,Brown_v._Board_of_Education_NHS,2015_05
817,0.0,Brown_v._Board_of_Education_NHS,2015_06
818,0.0,Brown_v._Board_of_Education_NHS,2015_07
819,0.0,Brown_v._Board_of_Education_NHS,2015_08
820,0.0,Brown_v._Board_of_Education_NHS,2015_09
821,0.0,Brown_v._Board_of_Education_NHS,2015_10
822,0.0,Brown_v._Board_of_Education_NHS,2015_11
823,1.0,Brown_v._Board_of_Education_NHS,2015_12
824,0.0,Brown_v._Board_of_Education_NHS,2016_01
825,0.0,Brown_v._Board_of_Education_NHS,2016_02
826,0.0,Brown_v._Board_of_Education_NHS,2016_03
827,0.0,Brown_v._Board_of_Education_NHS,2016_04
828,0.0,Brown_v._Board_of_Education_NHS,2016_05
829,1.0,Brown_v._Board_of_Education_NHS,2016_06
830,0.0,Brown_v._Board_of_Education_NHS,2016_07
831,0.0,Brown_v._Board_of_Education_NHS,2016_08
832,0.0,Brown_v._Board_of_Education_NHS_[larger],2014_01
833,0.0,Brown_v._Board_of_Education_NHS_[larger],2014_02
834,0.0,Brown_v._Board_of_Education_NHS_[larger],2014_03
835,0.0,Brown_v._Board_of_Education_NHS_[larger],2014_04
836,0.0,Brown_v._Board_of_Education_NHS_[larger],2014_05
837,0.0,Brown_v._Board_of_Education_NHS_[larger],2014_06
838,0.0,Brown_v._Board_of_Education_NHS_[larger],2014_07
839,0.0,Brown_v._Board_of_Education_NHS_[larger],2014_08
840,0.0,Brown_v._Board_of_Education_NHS_[larger],2014_09
841,1.0,Brown_v._Board_of_Education_NHS_[larger],2014_10
842,0.0,Brown_v._Board_of_Education_NHS_[larger],2014_11
843,0.0,Brown_v._Board_of_Education_NHS_[larger],2014_12
844,0.0,Brown_v._Board_of_Education_NHS_[larger],2015_01
845,0.0,Brown_v._Board_of_Education_NHS_[larger],2015_02
846,0.0,Brown_v._Board_of_Education_NHS_[larger],2015_03
847,2.0,Brown_v._Board_of_Education_NHS_[larger],2015_04
848,0.0,Brown_v._Board_of_Education_NHS_[larger],2015_05
849,0.0,Brown_v._Board_of_Education_NHS_[larger],2015_06
850,0.0,Brown_v._Board_of_Education_NHS_[larger],2015_07
851,0.0,Brown_v._Board_of_Education_NHS_[larger],2015_08
852,0.0,Brown_v._Board_of_Education_NHS_[larger],2015_09
853,0.0,Brown_v._Board_of_Education_NHS_[larger],2015_10
854,0.0,Brown_v._Board_of_Education_NHS_[larger],2015_11
855,1.0,Brown_v._Board_of_Education_NHS_[larger],2015_12
856,0.0,Brown_v._Board_of_Education_NHS_[larger],2016_01
857,0.0,Brown_v._Board_of_Education_NHS_[larger],2016_02
858,0.0,Brown_v._Board_of_Education_NHS_[larger],2016_03
859,0.0,Brown_v._Board_of_Education_NHS_[larger],2016_04
860,0.0,Brown_v._Board_of_Education_NHS_[larger],2016_05
861,1.0,Brown_v._Board_of_Education_NHS_[larger],2016_06
862,0.0,Brown_v._Board_of_Education_NHS_[larger],2016_07
863,0.0,Brown_v._Board_of_Education_NHS_[larger],2016_08
864,19.0,Bryce_Canyon_NP,2014_01
865,17.0,Bryce_Canyon_NP,2014_02
866,15.0,Bryce_Canyon_NP,2014_03
867,47.0,Bryce_Canyon_NP,2014_04
868,59.0,Bryce_Canyon_NP,2014_05
869,51.0,Bryce_Canyon_NP,2014_06
870,41.0,Bryce_Canyon_NP,2014_07
871,34.0,Bryce_Canyon_NP,2014_08
872,51.0,Bryce_Canyon_NP,2014_09
873,53.0,Bryce_Canyon_NP,2014_10
874,29.0,Bryce_Canyon_NP,2014_11
875,25.0,Bryce_Canyon_NP,2014_12
876,16.0,Bryce_Canyon_NP,2015_01
877,13.0,Bryce_Canyon_NP,2015_02
878,38.0,Bryce_Canyon_NP,2015_03
879,38.0,Bryce_Canyon_NP,2015_04
880,83.0,Bryce_Canyon_NP,2015_05
881,59.0,Bryce_Canyon_NP,2015_06
882,32.0,Bryce_Canyon_NP,2015_07
883,49.0,Bryce_Canyon_NP,2015_08
884,57.0,Bryce_Canyon_NP,2015_09
885,51.0,Bryce_Canyon_NP,2015_10
886,28.0,Bryce_Canyon_NP,2015_11
887,16.0,Bryce_Canyon_NP,2015_12
888,14.0,Bryce_Canyon_NP,2016_01
889,17.0,Bryce_Canyon_NP,2016_02
890,22.0,Bryce_Canyon_NP,2016_03
891,29.0,Bryce_Canyon_NP,2016_04
892,46.0,Bryce_Canyon_NP,2016_05
893,32.0,Bryce_Canyon_NP,2016_06
894,16.0,Bryce_Canyon_NP,2016_07
895,29.0,Bryce_Canyon_NP,2016_08
896,1.0,Buck_Island_Reef_NM,2014_01
897,1.0,Buck_Island_Reef_NM,2014_02
898,0.0,Buck_Island_Reef_NM,2014_03
899,0.0,Buck_Island_Reef_NM,2014_04
900,1.0,Buck_Island_Reef_NM,2014_05
901,0.0,Buck_Island_Reef_NM,2014_06
902,0.0,Buck_Island_Reef_NM,2014_07
903,0.0,Buck_Island_Reef_NM,2014_08
904,0.0,Buck_Island_Reef_NM,2014_09
905,0.0,Buck_Island_Reef_NM,2014_10
906,0.0,Buck_Island_Reef_NM,2014_11
907,1.0,Buck_Island_Reef_NM,2014_12
908,0.0,Buck_Island_Reef_NM,2015_01
909,0.0,Buck_Island_Reef_NM,2015_02
910,0.0,Buck_Island_Reef_NM,2015_03
911,0.0,Buck_Island_Reef_NM,2015_04
912,0.0,Buck_Island_Reef_NM,2015_05
913,0.0,Buck_Island_Reef_NM,2015_06
914,0.0,Buck_Island_Reef_NM,2015_07
915,0.0,Buck_Island_Reef_NM,2015_08
916,0.0,Buck_Island_Reef_NM,2015_09
917,0.0,Buck_Island_Reef_NM,2015_10
918,0.0,Buck_Island_Reef_NM,2015_11
919,0.0,Buck_Island_Reef_NM,2015_12
920,0.0,Buck_Island_Reef_NM,2016_01
921,0.0,Buck_Island_Reef_NM,2016_02
922,0.0,Buck_Island_Reef_NM,2016_03
923,0.0,Buck_Island_Reef_NM,2016_04
924,0.0,Buck_Island_Reef_NM,2016_05
925,0.0,Buck_Island_Reef_NM,2016_06
926,0.0,Buck_Island_Reef_NM,2016_07
927,0.0,Buck_Island_Reef_NM,2016_08
928,3.0,Buffalo_NR,2014_01
929,2.0,Buffalo_NR,2014_02
930,0.0,Buffalo_NR,2014_03
931,4.0,Buffalo_NR,2014_04
932,5.0,Buffalo_NR,2014_05
933,4.0,Buffalo_NR,2014_06
934,2.0,Buffalo_NR,2014_07
935,1.0,Buffalo_NR,2014_08
936,2.0,Buffalo_NR,2014_09
937,5.0,Buffalo_NR,2014_10
938,9.0,Buffalo_NR,2014_11
939,0.0,Buffalo_NR,2014_12
940,0.0,Buffalo_NR,2015_01
941,0.0,Buffalo_NR,2015_02
942,8.0,Buffalo_NR,2015_03
943,13.0,Buffalo_NR,2015_04
944,3.0,Buffalo_NR,2015_05
945,8.0,Buffalo_NR,2015_06
946,5.0,Buffalo_NR,2015_07
947,5.0,Buffalo_NR,2015_08
948,8.0,Buffalo_NR,2015_09
949,8.0,Buffalo_NR,2015_10
950,7.0,Buffalo_NR,2015_11
951,3.0,Buffalo_NR,2015_12
952,0.0,Buffalo_NR,2016_01
953,2.0,Buffalo_NR,2016_02
954,2.0,Buffalo_NR,2016_03
955,8.0,Buffalo_NR,2016_04
956,4.0,Buffalo_NR,2016_05
957,7.0,Buffalo_NR,2016_06
958,0.0,Buffalo_NR,2016_07
959,2.0,Buffalo_NR,2016_08
960,9.0,Cabrillo_NM,2014_01
961,14.0,Cabrillo_NM,2014_02
962,10.0,Cabrillo_NM,2014_03
963,9.0,Cabrillo_NM,2014_04
964,4.0,Cabrillo_NM,2014_05
965,7.0,Cabrillo_NM,2014_06
966,4.0,Cabrillo_NM,2014_07
967,8.0,Cabrillo_NM,2014_08
968,11.0,Cabrillo_NM,2014_09
969,7.0,Cabrillo_NM,2014_10
970,10.0,Cabrillo_NM,2014_11
971,9.0,Cabrillo_NM,2014_12
972,6.0,Cabrillo_NM,2015_01
973,13.0,Cabrillo_NM,2015_02
974,6.0,Cabrillo_NM,2015_03
975,11.0,Cabrillo_NM,2015_04
976,7.0,Cabrillo_NM,2015_05
977,10.0,Cabrillo_NM,2015_06
978,6.0,Cabrillo_NM,2015_07
979,8.0,Cabrillo_NM,2015_08
980,6.0,Cabrillo_NM,2015_09
981,3.0,Cabrillo_NM,2015_10
982,5.0,Cabrillo_NM,2015_11
983,13.0,Cabrillo_NM,2015_12
984,8.0,Cabrillo_NM,2016_01
985,8.0,Cabrillo_NM,2016_02
986,5.0,Cabrillo_NM,2016_03
987,5.0,Cabrillo_NM,2016_04
988,4.0,Cabrillo_NM,2016_05
989,8.0,Cabrillo_NM,2016_06
990,4.0,Cabrillo_NM,2016_07
991,7.0,Cabrillo_NM,2016_08
992,0.0,Canyon_de_Chelly_NM,2014_01
993,0.0,Canyon_de_Chelly_NM,2014_02
994,7.0,Canyon_de_Chelly_NM,2014_03
995,1.0,Canyon_de_Chelly_NM,2014_04
996,11.0,Canyon_de_Chelly_NM,2014_05
997,5.0,Canyon_de_Chelly_NM,2014_06
998,3.0,Canyon_de_Chelly_NM,2014_07
999,2.0,Canyon_de_Chelly_NM,2014_08
1000,5.0,Canyon_de_Chelly_NM,2014_09
1001,4.0,Canyon_de_Chelly_NM,2014_10
1002,4.0,Canyon_de_Chelly_NM,2014_11
1003,0.0,Canyon_de_Chelly_NM,2014_12
1004,4.0,Canyon_de_Chelly_NM,2015_01
1005,1.0,Canyon_de_Chelly_NM,2015_02
1006,3.0,Canyon_de_Chelly_NM,2015_03
1007,0.0,Canyon_de_Chelly_NM,2015_04
1008,5.0,Canyon_de_Chelly_NM,2015_05
1009,3.0,Canyon_de_Chelly_NM,2015_06
1010,2.0,Canyon_de_Chelly_NM,2015_07
1011,2.0,Canyon_de_Chelly_NM,2015_08
1012,8.0,Canyon_de_Chelly_NM,2015_09
1013,5.0,Canyon_de_Chelly_NM,2015_10
1014,1.0,Canyon_de_Chelly_NM,2015_11
1015,6.0,Canyon_de_Chelly_NM,2015_12
1016,0.0,Canyon_de_Chelly_NM,2016_01
1017,0.0,Canyon_de_Chelly_NM,2016_02
1018,0.0,Canyon_de_Chelly_NM,2016_03
1019,6.0,Canyon_de_Chelly_NM,2016_04
1020,1.0,Canyon_de_Chelly_NM,2016_05
1021,3.0,Canyon_de_Chelly_NM,2016_06
1022,1.0,Canyon_de_Chelly_NM,2016_07
1023,1.0,Canyon_de_Chelly_NM,2016_08
1024,9.0,Canyonlands_NP,2014_01
1025,11.0,Canyonlands_NP,2014_02
1026,23.0,Canyonlands_NP,2014_03
1027,36.0,Canyonlands_NP,2014_04
1028,52.0,Canyonlands_NP,2014_05
1029,21.0,Canyonlands_NP,2014_06
1030,25.0,Canyonlands_NP,2014_07
1031,28.0,Canyonlands_NP,2014_08
1032,30.0,Canyonlands_NP,2014_09
1033,33.0,Canyonlands_NP,2014_10
1034,19.0,Canyonlands_NP,2014_11
1035,9.0,Canyonlands_NP,2014_12
1036,6.0,Canyonlands_NP,2015_01
1037,20.0,Canyonlands_NP,2015_02
1038,27.0,Canyonlands_NP,2015_03
1039,22.0,Canyonlands_NP,2015_04
1040,40.0,Canyonlands_NP,2015_05
1041,20.0,Canyonlands_NP,2015_06
1042,14.0,Canyonlands_NP,2015_07
1043,28.0,Canyonlands_NP,2015_08
1044,34.0,Canyonlands_NP,2015_09
1045,32.0,Canyonlands_NP,2015_10
1046,17.0,Canyonlands_NP,2015_11
1047,3.0,Canyonlands_NP,2015_12
1048,4.0,Canyonlands_NP,2016_01
1049,6.0,Canyonlands_NP,2016_02
1050,16.0,Canyonlands_NP,2016_03
1051,25.0,Canyonlands_NP,2016_04
1052,27.0,Canyonlands_NP,2016_05
1053,21.0,Canyonlands_NP,2016_06
1054,12.0,Canyonlands_NP,2016_07
1055,13.0,Canyonlands_NP,2016_08
1056,4.0,Cape_Cod_NS,2014_01
1057,12.0,Cape_Cod_NS,2014_02
1058,10.0,Cape_Cod_NS,2014_03
1059,19.0,Cape_Cod_NS,2014_04
1060,30.0,Cape_Cod_NS,2014_05
1061,28.0,Cape_Cod_NS,2014_06
1062,27.0,Cape_Cod_NS,2014_07
1063,61.0,Cape_Cod_NS,2014_08
1064,58.0,Cape_Cod_NS,2014_09
1065,24.0,Cape_Cod_NS,2014_10
1066,11.0,Cape_Cod_NS,2014_11
1067,17.0,Cape_Cod_NS,2014_12
1068,3.0,Cape_Cod_NS,2015_01
1069,8.0,Cape_Cod_NS,2015_02
1070,9.0,Cape_Cod_NS,2015_03
1071,13.0,Cape_Cod_NS,2015_04
1072,27.0,Cape_Cod_NS,2015_05
1073,40.0,Cape_Cod_NS,2015_06
1074,54.0,Cape_Cod_NS,2015_07
1075,52.0,Cape_Cod_NS,2015_08
1076,52.0,Cape_Cod_NS,2015_09
1077,29.0,Cape_Cod_NS,2015_10
1078,19.0,Cape_Cod_NS,2015_11
1079,19.0,Cape_Cod_NS,2015_12
1080,19.0,Cape_Cod_NS,2016_01
1081,19.0,Cape_Cod_NS,2016_02
1082,22.0,Cape_Cod_NS,2016_03
1083,17.0,Cape_Cod_NS,2016_04
1084,24.0,Cape_Cod_NS,2016_05
1085,33.0,Cape_Cod_NS,2016_06
1086,33.0,Cape_Cod_NS,2016_07
1087,49.0,Cape_Cod_NS,2016_08
