,place,tw_visit,ym
0,Acadia_NP_(ACAD),45.0,2014_01
1,Acadia_NP_(ACAD),25.0,2014_02
2,Acadia_NP_(ACAD),42.0,2014_03
3,Acadia_NP_(ACAD),43.0,2014_04
4,Acadia_NP_(ACAD),90.0,2014_05
5,Acadia_NP_(ACAD),189.0,2014_06
6,Acadia_NP_(ACAD),319.0,2014_07
7,Acadia_NP_(ACAD),354.0,2014_08
8,Acadia_NP_(ACAD),163.0,2014_09
9,Acadia_NP_(ACAD),140.0,2014_10
10,Acadia_NP_(ACAD),27.0,2014_11
11,Acadia_NP_(ACAD),21.0,2014_12
12,Acadia_NP_(ACAD),24.0,2015_01
13,Acadia_NP_(ACAD),20.0,2015_02
14,Acadia_NP_(ACAD),28.0,2015_03
15,Acadia_NP_(ACAD),24.0,2015_04
16,Acadia_NP_(ACAD),108.0,2015_05
17,Acadia_NP_(ACAD),179.0,2015_06
18,Acadia_NP_(ACAD),329.0,2015_07
19,Acadia_NP_(ACAD),418.0,2015_08
20,Acadia_NP_(ACAD),320.0,2015_09
21,Acadia_NP_(ACAD),299.0,2015_10
22,Acadia_NP_(ACAD),108.0,2015_11
23,Acadia_NP_(ACAD),50.0,2015_12
24,Acadia_NP_(ACAD),75.0,2016_01
25,Acadia_NP_(ACAD),75.0,2016_02
26,Acadia_NP_(ACAD),43.0,2016_03
27,Acadia_NP_(ACAD),72.0,2016_04
28,Acadia_NP_(ACAD),139.0,2016_05
29,Acadia_NP_(ACAD),274.0,2016_06
30,Acadia_NP_(ACAD),494.0,2016_07
31,Acadia_NP_(ACAD),515.0,2016_08
32,Adams_NHP,29.0,2014_01
33,Adams_NHP,26.0,2014_02
34,Adams_NHP,35.0,2014_03
35,Adams_NHP,16.0,2014_04
36,Adams_NHP,28.0,2014_05
37,Adams_NHP,15.0,2014_06
38,Adams_NHP,24.0,2014_07
39,Adams_NHP,29.0,2014_08
40,Adams_NHP,29.0,2014_09
41,Adams_NHP,18.0,2014_10
42,Adams_NHP,17.0,2014_11
43,Adams_NHP,15.0,2014_12
44,Adams_NHP,16.0,2015_01
45,Adams_NHP,13.0,2015_02
46,Adams_NHP,14.0,2015_03
47,Adams_NHP,10.0,2015_04
48,Adams_NHP,3.0,2015_05
49,Adams_NHP,3.0,2015_06
50,Adams_NHP,3.0,2015_07
51,Adams_NHP,1.0,2015_08
52,Adams_NHP,1.0,2015_09
53,Adams_NHP,2.0,2015_10
54,Adams_NHP,0.0,2015_11
55,Adams_NHP,1.0,2015_12
56,Adams_NHP,0.0,2016_01
57,Adams_NHP,0.0,2016_02
58,Adams_NHP,1.0,2016_03
59,Adams_NHP,1.0,2016_04
60,Adams_NHP,2.0,2016_05
61,Adams_NHP,4.0,2016_06
62,Adams_NHP,1.0,2016_07
63,Adams_NHP,0.0,2016_08
64,Agate_Fossil_Beds_NM,1.0,2014_07
65,Agate_Fossil_Beds_NM,0.0,2014_08
66,Agate_Fossil_Beds_NM,0.0,2014_09
67,Agate_Fossil_Beds_NM,0.0,2014_10
68,Agate_Fossil_Beds_NM,0.0,2014_11
69,Agate_Fossil_Beds_NM,0.0,2014_12
70,Agate_Fossil_Beds_NM,0.0,2015_01
71,Agate_Fossil_Beds_NM,0.0,2015_02
72,Agate_Fossil_Beds_NM,0.0,2015_03
73,Agate_Fossil_Beds_NM,0.0,2015_04
74,Agate_Fossil_Beds_NM,0.0,2015_05
75,Agate_Fossil_Beds_NM,1.0,2015_06
76,Agate_Fossil_Beds_NM,0.0,2015_07
77,Agate_Fossil_Beds_NM,1.0,2015_08
78,Agate_Fossil_Beds_NM,0.0,2015_09
79,Agate_Fossil_Beds_NM,0.0,2015_10
80,Agate_Fossil_Beds_NM,1.0,2015_11
81,Agate_Fossil_Beds_NM,0.0,2015_12
82,Agate_Fossil_Beds_NM,0.0,2016_01
83,Agate_Fossil_Beds_NM,0.0,2016_02
84,Agate_Fossil_Beds_NM,0.0,2016_03
85,Agate_Fossil_Beds_NM,0.0,2016_04
86,Agate_Fossil_Beds_NM,0.0,2016_05
87,Agate_Fossil_Beds_NM,0.0,2016_06
88,Agate_Fossil_Beds_NM,2.0,2016_07
89,Agate_Fossil_Beds_NM,1.0,2016_08
90,Allegheny_Portage_Railroad_NHS_(ALPO),1.0,2014_03
91,Allegheny_Portage_Railroad_NHS_(ALPO),0.0,2014_04
92,Allegheny_Portage_Railroad_NHS_(ALPO),0.0,2014_05
93,Allegheny_Portage_Railroad_NHS_(ALPO),0.0,2014_06
94,Allegheny_Portage_Railroad_NHS_(ALPO),0.0,2014_07
95,Allegheny_Portage_Railroad_NHS_(ALPO),0.0,2014_08
96,Allegheny_Portage_Railroad_NHS_(ALPO),0.0,2014_09
97,Allegheny_Portage_Railroad_NHS_(ALPO),0.0,2014_10
98,Allegheny_Portage_Railroad_NHS_(ALPO),0.0,2014_11
99,Allegheny_Portage_Railroad_NHS_(ALPO),0.0,2014_12
100,Allegheny_Portage_Railroad_NHS_(ALPO),0.0,2015_01
101,Allegheny_Portage_Railroad_NHS_(ALPO),0.0,2015_02
102,Allegheny_Portage_Railroad_NHS_(ALPO),0.0,2015_03
103,Allegheny_Portage_Railroad_NHS_(ALPO),0.0,2015_04
104,Allegheny_Portage_Railroad_NHS_(ALPO),0.0,2015_05
105,Allegheny_Portage_Railroad_NHS_(ALPO),0.0,2015_06
106,Allegheny_Portage_Railroad_NHS_(ALPO),0.0,2015_07
107,Allegheny_Portage_Railroad_NHS_(ALPO),0.0,2015_08
108,Allegheny_Portage_Railroad_NHS_(ALPO),0.0,2015_09
109,Allegheny_Portage_Railroad_NHS_(ALPO),0.0,2015_10
110,Allegheny_Portage_Railroad_NHS_(ALPO),0.0,2015_11
111,Allegheny_Portage_Railroad_NHS_(ALPO),0.0,2015_12
112,Allegheny_Portage_Railroad_NHS_(ALPO),0.0,2016_01
113,Allegheny_Portage_Railroad_NHS_(ALPO),0.0,2016_02
114,Allegheny_Portage_Railroad_NHS_(ALPO),0.0,2016_03
115,Allegheny_Portage_Railroad_NHS_(ALPO),0.0,2016_04
116,Allegheny_Portage_Railroad_NHS_(ALPO),0.0,2016_05
117,Allegheny_Portage_Railroad_NHS_(ALPO),0.0,2016_06
118,Allegheny_Portage_Railroad_NHS_(ALPO),0.0,2016_07
119,Allegheny_Portage_Railroad_NHS_(ALPO),0.0,2016_08
120,Andersonville_NHS_(ANDE),4.0,2014_01
121,Andersonville_NHS_(ANDE),4.0,2014_02
122,Andersonville_NHS_(ANDE),10.0,2014_03
123,Andersonville_NHS_(ANDE),4.0,2014_04
124,Andersonville_NHS_(ANDE),10.0,2014_05
125,Andersonville_NHS_(ANDE),8.0,2014_06
126,Andersonville_NHS_(ANDE),2.0,2014_07
127,Andersonville_NHS_(ANDE),2.0,2014_08
128,Andersonville_NHS_(ANDE),3.0,2014_09
129,Andersonville_NHS_(ANDE),2.0,2014_10
130,Andersonville_NHS_(ANDE),2.0,2014_11
131,Andersonville_NHS_(ANDE),7.0,2014_12
132,Andersonville_NHS_(ANDE),5.0,2015_01
133,Andersonville_NHS_(ANDE),2.0,2015_02
134,Andersonville_NHS_(ANDE),4.0,2015_03
135,Andersonville_NHS_(ANDE),6.0,2015_04
136,Andersonville_NHS_(ANDE),4.0,2015_05
137,Andersonville_NHS_(ANDE),0.0,2015_06
138,Andersonville_NHS_(ANDE),1.0,2015_07
139,Andersonville_NHS_(ANDE),1.0,2015_08
140,Andersonville_NHS_(ANDE),1.0,2015_09
141,Andersonville_NHS_(ANDE),4.0,2015_10
142,Andersonville_NHS_(ANDE),1.0,2015_11
143,Andersonville_NHS_(ANDE),0.0,2015_12
144,Andersonville_NHS_(ANDE),2.0,2016_01
145,Andersonville_NHS_(ANDE),3.0,2016_02
146,Andersonville_NHS_(ANDE),0.0,2016_03
147,Andersonville_NHS_(ANDE),1.0,2016_04
148,Andersonville_NHS_(ANDE),1.0,2016_05
149,Andersonville_NHS_(ANDE),4.0,2016_06
150,Andersonville_NHS_(ANDE),4.0,2016_07
151,Andersonville_NHS_(ANDE),5.0,2016_08
152,Aniakchak_NM_&_PRES_(ANIA),1.0,2014_02
153,Aniakchak_NM_&_PRES_(ANIA),0.0,2014_03
154,Aniakchak_NM_&_PRES_(ANIA),1.0,2014_04
155,Aniakchak_NM_&_PRES_(ANIA),0.0,2014_05
156,Aniakchak_NM_&_PRES_(ANIA),0.0,2014_06
157,Aniakchak_NM_&_PRES_(ANIA),5.0,2014_07
158,Aniakchak_NM_&_PRES_(ANIA),0.0,2014_08
159,Aniakchak_NM_&_PRES_(ANIA),0.0,2014_09
160,Aniakchak_NM_&_PRES_(ANIA),0.0,2014_10
161,Aniakchak_NM_&_PRES_(ANIA),2.0,2014_11
162,Aniakchak_NM_&_PRES_(ANIA),0.0,2014_12
163,Aniakchak_NM_&_PRES_(ANIA),1.0,2015_01
164,Aniakchak_NM_&_PRES_(ANIA),5.0,2015_02
165,Aniakchak_NM_&_PRES_(ANIA),0.0,2015_03
166,Aniakchak_NM_&_PRES_(ANIA),1.0,2015_04
167,Aniakchak_NM_&_PRES_(ANIA),0.0,2015_05
168,Aniakchak_NM_&_PRES_(ANIA),1.0,2015_06
169,Aniakchak_NM_&_PRES_(ANIA),0.0,2015_07
170,Aniakchak_NM_&_PRES_(ANIA),5.0,2015_08
171,Aniakchak_NM_&_PRES_(ANIA),0.0,2015_09
172,Aniakchak_NM_&_PRES_(ANIA),0.0,2015_10
173,Aniakchak_NM_&_PRES_(ANIA),1.0,2015_11
174,Aniakchak_NM_&_PRES_(ANIA),0.0,2015_12
175,Aniakchak_NM_&_PRES_(ANIA),0.0,2016_01
176,Aniakchak_NM_&_PRES_(ANIA),2.0,2016_02
177,Aniakchak_NM_&_PRES_(ANIA),0.0,2016_03
178,Aniakchak_NM_&_PRES_(ANIA),88.0,2016_04
179,Aniakchak_NM_&_PRES_(ANIA),30.0,2016_05
180,Aniakchak_NM_&_PRES_(ANIA),5.0,2016_06
181,Aniakchak_NM_&_PRES_(ANIA),12.0,2016_07
182,Aniakchak_NM_&_PRES_(ANIA),23.0,2016_08
183,Appomattox_Court_House_NHP_(APCO),12.0,2014_01
184,Appomattox_Court_House_NHP_(APCO),3.0,2014_02
185,Appomattox_Court_House_NHP_(APCO),8.0,2014_03
186,Appomattox_Court_House_NHP_(APCO),14.0,2014_04
187,Appomattox_Court_House_NHP_(APCO),5.0,2014_05
188,Appomattox_Court_House_NHP_(APCO),11.0,2014_06
189,Appomattox_Court_House_NHP_(APCO),23.0,2014_07
190,Appomattox_Court_House_NHP_(APCO),25.0,2014_08
191,Appomattox_Court_House_NHP_(APCO),13.0,2014_09
192,Appomattox_Court_House_NHP_(APCO),3.0,2014_10
193,Appomattox_Court_House_NHP_(APCO),4.0,2014_11
194,Appomattox_Court_House_NHP_(APCO),1.0,2014_12
195,Appomattox_Court_House_NHP_(APCO),8.0,2015_01
196,Appomattox_Court_House_NHP_(APCO),5.0,2015_02
197,Appomattox_Court_House_NHP_(APCO),11.0,2015_03
198,Appomattox_Court_House_NHP_(APCO),40.0,2015_04
199,Appomattox_Court_House_NHP_(APCO),2.0,2015_05
200,Appomattox_Court_House_NHP_(APCO),2.0,2015_06
201,Appomattox_Court_House_NHP_(APCO),4.0,2015_07
202,Appomattox_Court_House_NHP_(APCO),2.0,2015_08
203,Appomattox_Court_House_NHP_(APCO),3.0,2015_09
204,Appomattox_Court_House_NHP_(APCO),2.0,2015_10
205,Appomattox_Court_House_NHP_(APCO),0.0,2015_11
206,Appomattox_Court_House_NHP_(APCO),1.0,2015_12
207,Appomattox_Court_House_NHP_(APCO),1.0,2016_01
208,Appomattox_Court_House_NHP_(APCO),1.0,2016_02
209,Appomattox_Court_House_NHP_(APCO),5.0,2016_03
210,Appomattox_Court_House_NHP_(APCO),8.0,2016_04
211,Appomattox_Court_House_NHP_(APCO),5.0,2016_05
212,Appomattox_Court_House_NHP_(APCO),10.0,2016_06
213,Appomattox_Court_House_NHP_(APCO),7.0,2016_07
214,Appomattox_Court_House_NHP_(APCO),4.0,2016_08
215,Arches_NP_(ARCH),21.0,2014_01
216,Arches_NP_(ARCH),29.0,2014_02
217,Arches_NP_(ARCH),107.0,2014_03
218,Arches_NP_(ARCH),76.0,2014_04
219,Arches_NP_(ARCH),123.0,2014_05
220,Arches_NP_(ARCH),111.0,2014_06
221,Arches_NP_(ARCH),137.0,2014_07
222,Arches_NP_(ARCH),127.0,2014_08
223,Arches_NP_(ARCH),80.0,2014_09
224,Arches_NP_(ARCH),59.0,2014_10
225,Arches_NP_(ARCH),28.0,2014_11
226,Arches_NP_(ARCH),26.0,2014_12
227,Arches_NP_(ARCH),39.0,2015_01
228,Arches_NP_(ARCH),49.0,2015_02
229,Arches_NP_(ARCH),110.0,2015_03
230,Arches_NP_(ARCH),126.0,2015_04
231,Arches_NP_(ARCH),101.0,2015_05
232,Arches_NP_(ARCH),115.0,2015_06
233,Arches_NP_(ARCH),117.0,2015_07
234,Arches_NP_(ARCH),139.0,2015_08
235,Arches_NP_(ARCH),164.0,2015_09
236,Arches_NP_(ARCH),125.0,2015_10
237,Arches_NP_(ARCH),120.0,2015_11
238,Arches_NP_(ARCH),77.0,2015_12
239,Arches_NP_(ARCH),35.0,2016_01
240,Arches_NP_(ARCH),68.0,2016_02
241,Arches_NP_(ARCH),153.0,2016_03
242,Arches_NP_(ARCH),133.0,2016_04
243,Arches_NP_(ARCH),145.0,2016_05
244,Arches_NP_(ARCH),187.0,2016_06
245,Arches_NP_(ARCH),179.0,2016_07
246,Arches_NP_(ARCH),178.0,2016_08
247,Arkansas_Post_NMEM_(ARPO),1.0,2014_04
248,Arkansas_Post_NMEM_(ARPO),0.0,2014_05
249,Arkansas_Post_NMEM_(ARPO),2.0,2014_06
250,Arkansas_Post_NMEM_(ARPO),0.0,2014_07
251,Arkansas_Post_NMEM_(ARPO),0.0,2014_08
252,Arkansas_Post_NMEM_(ARPO),0.0,2014_09
253,Arkansas_Post_NMEM_(ARPO),0.0,2014_10
254,Arkansas_Post_NMEM_(ARPO),0.0,2014_11
255,Arkansas_Post_NMEM_(ARPO),0.0,2014_12
256,Arkansas_Post_NMEM_(ARPO),0.0,2015_01
257,Arkansas_Post_NMEM_(ARPO),0.0,2015_02
258,Arkansas_Post_NMEM_(ARPO),0.0,2015_03
259,Arkansas_Post_NMEM_(ARPO),0.0,2015_04
260,Arkansas_Post_NMEM_(ARPO),0.0,2015_05
261,Arkansas_Post_NMEM_(ARPO),0.0,2015_06
262,Arkansas_Post_NMEM_(ARPO),0.0,2015_07
263,Arkansas_Post_NMEM_(ARPO),0.0,2015_08
264,Arkansas_Post_NMEM_(ARPO),0.0,2015_09
265,Arkansas_Post_NMEM_(ARPO),0.0,2015_10
266,Arkansas_Post_NMEM_(ARPO),0.0,2015_11
267,Arkansas_Post_NMEM_(ARPO),0.0,2015_12
268,Arkansas_Post_NMEM_(ARPO),0.0,2016_01
269,Arkansas_Post_NMEM_(ARPO),0.0,2016_02
270,Arkansas_Post_NMEM_(ARPO),1.0,2016_03
271,Arkansas_Post_NMEM_(ARPO),0.0,2016_04
272,Arkansas_Post_NMEM_(ARPO),0.0,2016_05
273,Arkansas_Post_NMEM_(ARPO),1.0,2016_06
274,Arkansas_Post_NMEM_(ARPO),2.0,2016_07
275,Arkansas_Post_NMEM_(ARPO),0.0,2016_08
276,Arlington_House_The_R.E._Lee_MEM_(ARHO),3.0,2014_01
277,Arlington_House_The_R.E._Lee_MEM_(ARHO),5.0,2014_02
278,Arlington_House_The_R.E._Lee_MEM_(ARHO),17.0,2014_03
279,Arlington_House_The_R.E._Lee_MEM_(ARHO),33.0,2014_04
280,Arlington_House_The_R.E._Lee_MEM_(ARHO),35.0,2014_05
281,Arlington_House_The_R.E._Lee_MEM_(ARHO),28.0,2014_06
282,Arlington_House_The_R.E._Lee_MEM_(ARHO),28.0,2014_07
283,Arlington_House_The_R.E._Lee_MEM_(ARHO),19.0,2014_08
284,Arlington_House_The_R.E._Lee_MEM_(ARHO),6.0,2014_09
285,Arlington_House_The_R.E._Lee_MEM_(ARHO),20.0,2014_10
286,Arlington_House_The_R.E._Lee_MEM_(ARHO),16.0,2014_11
287,Arlington_House_The_R.E._Lee_MEM_(ARHO),11.0,2014_12
288,Arlington_House_The_R.E._Lee_MEM_(ARHO),3.0,2015_01
289,Arlington_House_The_R.E._Lee_MEM_(ARHO),8.0,2015_02
290,Arlington_House_The_R.E._Lee_MEM_(ARHO),24.0,2015_03
291,Arlington_House_The_R.E._Lee_MEM_(ARHO),36.0,2015_04
292,Arlington_House_The_R.E._Lee_MEM_(ARHO),23.0,2015_05
293,Arlington_House_The_R.E._Lee_MEM_(ARHO),11.0,2015_06
294,Arlington_House_The_R.E._Lee_MEM_(ARHO),4.0,2015_07
295,Arlington_House_The_R.E._Lee_MEM_(ARHO),9.0,2015_08
296,Arlington_House_The_R.E._Lee_MEM_(ARHO),11.0,2015_09
297,Arlington_House_The_R.E._Lee_MEM_(ARHO),13.0,2015_10
298,Arlington_House_The_R.E._Lee_MEM_(ARHO),14.0,2015_11
299,Arlington_House_The_R.E._Lee_MEM_(ARHO),14.0,2015_12
300,Arlington_House_The_R.E._Lee_MEM_(ARHO),6.0,2016_01
301,Arlington_House_The_R.E._Lee_MEM_(ARHO),5.0,2016_02
302,Arlington_House_The_R.E._Lee_MEM_(ARHO),12.0,2016_03
303,Arlington_House_The_R.E._Lee_MEM_(ARHO),5.0,2016_04
304,Arlington_House_The_R.E._Lee_MEM_(ARHO),8.0,2016_05
305,Arlington_House_The_R.E._Lee_MEM_(ARHO),11.0,2016_06
306,Arlington_House_The_R.E._Lee_MEM_(ARHO),17.0,2016_07
307,Arlington_House_The_R.E._Lee_MEM_(ARHO),11.0,2016_08
308,Assateague_Island_NS_(ASIS),23.0,2014_01
309,Assateague_Island_NS_(ASIS),13.0,2014_02
310,Assateague_Island_NS_(ASIS),31.0,2014_03
311,Assateague_Island_NS_(ASIS),41.0,2014_04
312,Assateague_Island_NS_(ASIS),96.0,2014_05
313,Assateague_Island_NS_(ASIS),192.0,2014_06
314,Assateague_Island_NS_(ASIS),319.0,2014_07
315,Assateague_Island_NS_(ASIS),277.0,2014_08
316,Assateague_Island_NS_(ASIS),67.0,2014_09
317,Assateague_Island_NS_(ASIS),49.0,2014_10
318,Assateague_Island_NS_(ASIS),12.0,2014_11
319,Assateague_Island_NS_(ASIS),13.0,2014_12
320,Assateague_Island_NS_(ASIS),18.0,2015_01
321,Assateague_Island_NS_(ASIS),8.0,2015_02
322,Assateague_Island_NS_(ASIS),20.0,2015_03
323,Assateague_Island_NS_(ASIS),28.0,2015_04
324,Assateague_Island_NS_(ASIS),66.0,2015_05
325,Assateague_Island_NS_(ASIS),81.0,2015_06
326,Assateague_Island_NS_(ASIS),161.0,2015_07
327,Assateague_Island_NS_(ASIS),157.0,2015_08
328,Assateague_Island_NS_(ASIS),96.0,2015_09
329,Assateague_Island_NS_(ASIS),48.0,2015_10
330,Assateague_Island_NS_(ASIS),26.0,2015_11
331,Assateague_Island_NS_(ASIS),27.0,2015_12
332,Assateague_Island_NS_(ASIS),21.0,2016_01
333,Assateague_Island_NS_(ASIS),20.0,2016_02
334,Assateague_Island_NS_(ASIS),24.0,2016_03
335,Assateague_Island_NS_(ASIS),32.0,2016_04
336,Assateague_Island_NS_(ASIS),53.0,2016_05
337,Assateague_Island_NS_(ASIS),116.0,2016_06
338,Assateague_Island_NS_(ASIS),217.0,2016_07
339,Assateague_Island_NS_(ASIS),275.0,2016_08
340,Badlands_NP_(BADL),8.0,2014_01
341,Badlands_NP_(BADL),5.0,2014_02
342,Badlands_NP_(BADL),6.0,2014_03
343,Badlands_NP_(BADL),27.0,2014_04
344,Badlands_NP_(BADL),36.0,2014_05
345,Badlands_NP_(BADL),95.0,2014_06
346,Badlands_NP_(BADL),106.0,2014_07
347,Badlands_NP_(BADL),111.0,2014_08
348,Badlands_NP_(BADL),47.0,2014_09
349,Badlands_NP_(BADL),26.0,2014_10
350,Badlands_NP_(BADL),11.0,2014_11
351,Badlands_NP_(BADL),9.0,2014_12
352,Badlands_NP_(BADL),8.0,2015_01
353,Badlands_NP_(BADL),7.0,2015_02
354,Badlands_NP_(BADL),7.0,2015_03
355,Badlands_NP_(BADL),16.0,2015_04
356,Badlands_NP_(BADL),56.0,2015_05
357,Badlands_NP_(BADL),84.0,2015_06
358,Badlands_NP_(BADL),100.0,2015_07
359,Badlands_NP_(BADL),113.0,2015_08
360,Badlands_NP_(BADL),98.0,2015_09
361,Badlands_NP_(BADL),76.0,2015_10
362,Badlands_NP_(BADL),28.0,2015_11
363,Badlands_NP_(BADL),27.0,2015_12
364,Badlands_NP_(BADL),26.0,2016_01
365,Badlands_NP_(BADL),12.0,2016_02
366,Badlands_NP_(BADL),46.0,2016_03
367,Badlands_NP_(BADL),43.0,2016_04
368,Badlands_NP_(BADL),60.0,2016_05
369,Badlands_NP_(BADL),178.0,2016_06
370,Badlands_NP_(BADL),229.0,2016_07
371,Badlands_NP_(BADL),175.0,2016_08
372,Bandelier_NM_(BAND),1.0,2014_01
373,Bandelier_NM_(BAND),3.0,2014_02
374,Bandelier_NM_(BAND),10.0,2014_03
375,Bandelier_NM_(BAND),6.0,2014_04
376,Bandelier_NM_(BAND),10.0,2014_05
377,Bandelier_NM_(BAND),5.0,2014_06
378,Bandelier_NM_(BAND),17.0,2014_07
379,Bandelier_NM_(BAND),5.0,2014_08
380,Bandelier_NM_(BAND),3.0,2014_09
381,Bandelier_NM_(BAND),4.0,2014_10
382,Bandelier_NM_(BAND),2.0,2014_11
383,Bandelier_NM_(BAND),4.0,2014_12
384,Bandelier_NM_(BAND),9.0,2015_01
385,Bandelier_NM_(BAND),6.0,2015_02
386,Bandelier_NM_(BAND),17.0,2015_03
387,Bandelier_NM_(BAND),20.0,2015_04
388,Bandelier_NM_(BAND),13.0,2015_05
389,Bandelier_NM_(BAND),8.0,2015_06
390,Bandelier_NM_(BAND),18.0,2015_07
391,Bandelier_NM_(BAND),12.0,2015_08
392,Bandelier_NM_(BAND),11.0,2015_09
393,Bandelier_NM_(BAND),13.0,2015_10
394,Bandelier_NM_(BAND),17.0,2015_11
395,Bandelier_NM_(BAND),8.0,2015_12
396,Bandelier_NM_(BAND),5.0,2016_01
397,Bandelier_NM_(BAND),14.0,2016_02
398,Bandelier_NM_(BAND),18.0,2016_03
399,Bandelier_NM_(BAND),16.0,2016_04
400,Bandelier_NM_(BAND),33.0,2016_05
401,Bandelier_NM_(BAND),17.0,2016_06
402,Bandelier_NM_(BAND),17.0,2016_07
403,Bandelier_NM_(BAND),31.0,2016_08
404,Bent's_Old_Fort_NHS_(BEOL),2.0,2014_01
405,Bent's_Old_Fort_NHS_(BEOL),1.0,2014_02
406,Bent's_Old_Fort_NHS_(BEOL),1.0,2014_03
407,Bent's_Old_Fort_NHS_(BEOL),0.0,2014_04
408,Bent's_Old_Fort_NHS_(BEOL),1.0,2014_05
409,Bent's_Old_Fort_NHS_(BEOL),2.0,2014_06
410,Bent's_Old_Fort_NHS_(BEOL),3.0,2014_07
411,Bent's_Old_Fort_NHS_(BEOL),0.0,2014_08
412,Bent's_Old_Fort_NHS_(BEOL),0.0,2014_09
413,Bent's_Old_Fort_NHS_(BEOL),0.0,2014_10
414,Bent's_Old_Fort_NHS_(BEOL),2.0,2014_11
415,Bent's_Old_Fort_NHS_(BEOL),0.0,2014_12
416,Bent's_Old_Fort_NHS_(BEOL),1.0,2015_01
417,Bent's_Old_Fort_NHS_(BEOL),1.0,2015_02
418,Bent's_Old_Fort_NHS_(BEOL),0.0,2015_03
419,Bent's_Old_Fort_NHS_(BEOL),1.0,2015_04
420,Bent's_Old_Fort_NHS_(BEOL),0.0,2015_05
421,Bent's_Old_Fort_NHS_(BEOL),1.0,2015_06
422,Bent's_Old_Fort_NHS_(BEOL),1.0,2015_07
423,Bent's_Old_Fort_NHS_(BEOL),0.0,2015_08
424,Bent's_Old_Fort_NHS_(BEOL),2.0,2015_09
425,Bent's_Old_Fort_NHS_(BEOL),0.0,2015_10
426,Bent's_Old_Fort_NHS_(BEOL),0.0,2015_11
427,Bent's_Old_Fort_NHS_(BEOL),0.0,2015_12
428,Bent's_Old_Fort_NHS_(BEOL),0.0,2016_01
429,Bent's_Old_Fort_NHS_(BEOL),1.0,2016_02
430,Bent's_Old_Fort_NHS_(BEOL),1.0,2016_03
431,Bent's_Old_Fort_NHS_(BEOL),1.0,2016_04
432,Bent's_Old_Fort_NHS_(BEOL),1.0,2016_05
433,Bent's_Old_Fort_NHS_(BEOL),3.0,2016_06
434,Bent's_Old_Fort_NHS_(BEOL),1.0,2016_07
435,Bent's_Old_Fort_NHS_(BEOL),0.0,2016_08
436,Bering_Land_Bridge_NPRES_(BELA),1.0,2014_01
437,Bering_Land_Bridge_NPRES_(BELA),0.0,2014_02
438,Bering_Land_Bridge_NPRES_(BELA),3.0,2014_03
439,Bering_Land_Bridge_NPRES_(BELA),2.0,2014_04
440,Bering_Land_Bridge_NPRES_(BELA),0.0,2014_05
441,Bering_Land_Bridge_NPRES_(BELA),0.0,2014_06
442,Bering_Land_Bridge_NPRES_(BELA),1.0,2014_07
443,Bering_Land_Bridge_NPRES_(BELA),1.0,2014_08
444,Bering_Land_Bridge_NPRES_(BELA),1.0,2014_09
445,Bering_Land_Bridge_NPRES_(BELA),0.0,2014_10
446,Bering_Land_Bridge_NPRES_(BELA),0.0,2014_11
447,Bering_Land_Bridge_NPRES_(BELA),1.0,2014_12
448,Bering_Land_Bridge_NPRES_(BELA),0.0,2015_01
449,Bering_Land_Bridge_NPRES_(BELA),0.0,2015_02
450,Bering_Land_Bridge_NPRES_(BELA),4.0,2015_03
451,Bering_Land_Bridge_NPRES_(BELA),6.0,2015_04
452,Bering_Land_Bridge_NPRES_(BELA),1.0,2015_05
453,Bering_Land_Bridge_NPRES_(BELA),1.0,2015_06
454,Bering_Land_Bridge_NPRES_(BELA),4.0,2015_07
455,Bering_Land_Bridge_NPRES_(BELA),1.0,2015_08
456,Bering_Land_Bridge_NPRES_(BELA),2.0,2015_09
457,Bering_Land_Bridge_NPRES_(BELA),2.0,2015_10
458,Bering_Land_Bridge_NPRES_(BELA),0.0,2015_11
459,Bering_Land_Bridge_NPRES_(BELA),4.0,2015_12
460,Bering_Land_Bridge_NPRES_(BELA),3.0,2016_01
461,Bering_Land_Bridge_NPRES_(BELA),4.0,2016_02
462,Bering_Land_Bridge_NPRES_(BELA),1.0,2016_03
463,Bering_Land_Bridge_NPRES_(BELA),5.0,2016_04
464,Bering_Land_Bridge_NPRES_(BELA),1.0,2016_05
465,Bering_Land_Bridge_NPRES_(BELA),12.0,2016_06
466,Bering_Land_Bridge_NPRES_(BELA),4.0,2016_07
467,Bering_Land_Bridge_NPRES_(BELA),3.0,2016_08
468,Big_Bend_NP_(BIBE),25.0,2014_01
469,Big_Bend_NP_(BIBE),17.0,2014_02
470,Big_Bend_NP_(BIBE),55.0,2014_03
471,Big_Bend_NP_(BIBE),29.0,2014_04
472,Big_Bend_NP_(BIBE),27.0,2014_05
473,Big_Bend_NP_(BIBE),25.0,2014_06
474,Big_Bend_NP_(BIBE),21.0,2014_07
475,Big_Bend_NP_(BIBE),18.0,2014_08
476,Big_Bend_NP_(BIBE),32.0,2014_09
477,Big_Bend_NP_(BIBE),21.0,2014_10
478,Big_Bend_NP_(BIBE),22.0,2014_11
479,Big_Bend_NP_(BIBE),18.0,2014_12
480,Big_Bend_NP_(BIBE),23.0,2015_01
481,Big_Bend_NP_(BIBE),24.0,2015_02
482,Big_Bend_NP_(BIBE),49.0,2015_03
483,Big_Bend_NP_(BIBE),44.0,2015_04
484,Big_Bend_NP_(BIBE),60.0,2015_05
485,Big_Bend_NP_(BIBE),26.0,2015_06
486,Big_Bend_NP_(BIBE),24.0,2015_07
487,Big_Bend_NP_(BIBE),44.0,2015_08
488,Big_Bend_NP_(BIBE),51.0,2015_09
489,Big_Bend_NP_(BIBE),51.0,2015_10
490,Big_Bend_NP_(BIBE),61.0,2015_11
491,Big_Bend_NP_(BIBE),75.0,2015_12
492,Big_Bend_NP_(BIBE),65.0,2016_01
493,Big_Bend_NP_(BIBE),54.0,2016_02
494,Big_Bend_NP_(BIBE),141.0,2016_03
495,Big_Bend_NP_(BIBE),104.0,2016_04
496,Big_Bend_NP_(BIBE),73.0,2016_05
497,Big_Bend_NP_(BIBE),91.0,2016_06
498,Big_Bend_NP_(BIBE),64.0,2016_07
499,Big_Bend_NP_(BIBE),75.0,2016_08
500,Big_Hole_NB_(BIHO),1.0,2014_05
501,Big_Hole_NB_(BIHO),0.0,2014_06
502,Big_Hole_NB_(BIHO),0.0,2014_07
503,Big_Hole_NB_(BIHO),0.0,2014_08
504,Big_Hole_NB_(BIHO),0.0,2014_09
505,Big_Hole_NB_(BIHO),0.0,2014_10
506,Big_Hole_NB_(BIHO),0.0,2014_11
507,Big_Hole_NB_(BIHO),0.0,2014_12
508,Big_Hole_NB_(BIHO),0.0,2015_01
509,Big_Hole_NB_(BIHO),0.0,2015_02
510,Big_Hole_NB_(BIHO),0.0,2015_03
511,Big_Hole_NB_(BIHO),0.0,2015_04
512,Big_Hole_NB_(BIHO),0.0,2015_05
513,Big_Hole_NB_(BIHO),0.0,2015_06
514,Big_Hole_NB_(BIHO),0.0,2015_07
515,Big_Hole_NB_(BIHO),1.0,2015_08
516,Big_Hole_NB_(BIHO),0.0,2015_09
517,Big_Hole_NB_(BIHO),0.0,2015_10
518,Big_Hole_NB_(BIHO),0.0,2015_11
519,Big_Hole_NB_(BIHO),0.0,2015_12
520,Big_Hole_NB_(BIHO),0.0,2016_01
521,Big_Hole_NB_(BIHO),0.0,2016_02
522,Big_Hole_NB_(BIHO),0.0,2016_03
523,Big_Hole_NB_(BIHO),0.0,2016_04
524,Big_Hole_NB_(BIHO),0.0,2016_05
525,Big_Hole_NB_(BIHO),0.0,2016_06
526,Big_Hole_NB_(BIHO),0.0,2016_07
527,Big_Hole_NB_(BIHO),0.0,2016_08
528,Bighorn_Canyon_NRA,3.0,2014_01
529,Bighorn_Canyon_NRA,1.0,2014_02
530,Bighorn_Canyon_NRA,1.0,2014_03
531,Bighorn_Canyon_NRA,0.0,2014_04
532,Bighorn_Canyon_NRA,1.0,2014_05
533,Bighorn_Canyon_NRA,5.0,2014_06
534,Bighorn_Canyon_NRA,9.0,2014_07
535,Bighorn_Canyon_NRA,6.0,2014_08
536,Bighorn_Canyon_NRA,3.0,2014_09
537,Bighorn_Canyon_NRA,0.0,2014_10
538,Bighorn_Canyon_NRA,0.0,2014_11
539,Bighorn_Canyon_NRA,0.0,2014_12
540,Bighorn_Canyon_NRA,1.0,2015_01
541,Bighorn_Canyon_NRA,1.0,2015_02
542,Bighorn_Canyon_NRA,1.0,2015_03
543,Bighorn_Canyon_NRA,1.0,2015_04
544,Bighorn_Canyon_NRA,0.0,2015_05
545,Bighorn_Canyon_NRA,2.0,2015_06
546,Bighorn_Canyon_NRA,1.0,2015_07
547,Bighorn_Canyon_NRA,5.0,2015_08
548,Bighorn_Canyon_NRA,1.0,2015_09
549,Bighorn_Canyon_NRA,7.0,2015_10
550,Bighorn_Canyon_NRA,3.0,2015_11
551,Bighorn_Canyon_NRA,0.0,2015_12
552,Bighorn_Canyon_NRA,2.0,2016_01
553,Bighorn_Canyon_NRA,2.0,2016_02
554,Bighorn_Canyon_NRA,2.0,2016_03
555,Bighorn_Canyon_NRA,1.0,2016_04
556,Bighorn_Canyon_NRA,3.0,2016_05
557,Bighorn_Canyon_NRA,17.0,2016_06
558,Bighorn_Canyon_NRA,3.0,2016_07
559,Bighorn_Canyon_NRA,8.0,2016_08
560,Biscayne_NP,49.0,2014_06
561,Biscayne_NP,76.0,2014_07
562,Biscayne_NP,71.0,2014_08
563,Biscayne_NP,37.0,2014_09
564,Biscayne_NP,33.0,2014_10
565,Biscayne_NP,28.0,2014_11
566,Biscayne_NP,32.0,2014_12
567,Biscayne_NP,42.0,2015_01
568,Biscayne_NP,37.0,2015_02
569,Biscayne_NP,60.0,2015_03
570,Biscayne_NP,68.0,2015_04
571,Biscayne_NP,67.0,2015_05
572,Biscayne_NP,42.0,2015_06
573,Biscayne_NP,49.0,2015_07
574,Biscayne_NP,46.0,2015_08
575,Biscayne_NP,37.0,2015_09
576,Biscayne_NP,37.0,2015_10
577,Biscayne_NP,27.0,2015_11
578,Biscayne_NP,54.0,2015_12
579,Biscayne_NP,52.0,2016_01
580,Biscayne_NP,58.0,2016_02
581,Biscayne_NP,90.0,2016_03
582,Biscayne_NP,98.0,2016_04
583,Biscayne_NP,67.0,2016_05
584,Biscayne_NP,79.0,2016_06
585,Biscayne_NP,80.0,2016_07
586,Biscayne_NP,64.0,2016_08
587,Black_Canyon_of_the_Gunnison_NP,1.0,2014_12
588,Black_Canyon_of_the_Gunnison_NP,0.0,2015_01
589,Black_Canyon_of_the_Gunnison_NP,0.0,2015_02
590,Black_Canyon_of_the_Gunnison_NP,0.0,2015_03
591,Black_Canyon_of_the_Gunnison_NP,0.0,2015_04
592,Black_Canyon_of_the_Gunnison_NP,0.0,2015_05
593,Black_Canyon_of_the_Gunnison_NP,0.0,2015_06
594,Black_Canyon_of_the_Gunnison_NP,1.0,2015_07
595,Black_Canyon_of_the_Gunnison_NP,0.0,2015_08
596,Black_Canyon_of_the_Gunnison_NP,0.0,2015_09
597,Black_Canyon_of_the_Gunnison_NP,0.0,2015_10
598,Black_Canyon_of_the_Gunnison_NP,0.0,2015_11
599,Black_Canyon_of_the_Gunnison_NP,0.0,2015_12
600,Black_Canyon_of_the_Gunnison_NP,0.0,2016_01
601,Black_Canyon_of_the_Gunnison_NP,0.0,2016_02
602,Black_Canyon_of_the_Gunnison_NP,0.0,2016_03
603,Black_Canyon_of_the_Gunnison_NP,0.0,2016_04
604,Black_Canyon_of_the_Gunnison_NP,0.0,2016_05
605,Black_Canyon_of_the_Gunnison_NP,2.0,2016_06
606,Black_Canyon_of_the_Gunnison_NP,0.0,2016_07
607,Black_Canyon_of_the_Gunnison_NP,1.0,2016_08
608,Blue_Ridge_PKWY,65.0,2014_01
609,Blue_Ridge_PKWY,107.0,2014_02
610,Blue_Ridge_PKWY,123.0,2014_03
611,Blue_Ridge_PKWY,123.0,2014_04
612,Blue_Ridge_PKWY,134.0,2014_05
613,Blue_Ridge_PKWY,125.0,2014_06
614,Blue_Ridge_PKWY,110.0,2014_07
615,Blue_Ridge_PKWY,87.0,2014_08
616,Blue_Ridge_PKWY,91.0,2014_09
617,Blue_Ridge_PKWY,119.0,2014_10
618,Blue_Ridge_PKWY,102.0,2014_11
619,Blue_Ridge_PKWY,112.0,2014_12
620,Blue_Ridge_PKWY,73.0,2015_01
621,Blue_Ridge_PKWY,58.0,2015_02
622,Blue_Ridge_PKWY,93.0,2015_03
623,Blue_Ridge_PKWY,81.0,2015_04
624,Blue_Ridge_PKWY,63.0,2015_05
625,Blue_Ridge_PKWY,54.0,2015_06
626,Blue_Ridge_PKWY,51.0,2015_07
627,Blue_Ridge_PKWY,86.0,2015_08
628,Blue_Ridge_PKWY,65.0,2015_09
629,Blue_Ridge_PKWY,146.0,2015_10
630,Blue_Ridge_PKWY,85.0,2015_11
631,Blue_Ridge_PKWY,34.0,2015_12
632,Blue_Ridge_PKWY,83.0,2016_01
633,Blue_Ridge_PKWY,107.0,2016_02
634,Blue_Ridge_PKWY,262.0,2016_03
635,Blue_Ridge_PKWY,217.0,2016_04
636,Blue_Ridge_PKWY,130.0,2016_05
637,Blue_Ridge_PKWY,303.0,2016_06
638,Blue_Ridge_PKWY,452.0,2016_07
639,Blue_Ridge_PKWY,366.0,2016_08
640,Brown_v._Board_of_Education_NHS,2.0,2014_03
641,Brown_v._Board_of_Education_NHS,2.0,2014_04
642,Brown_v._Board_of_Education_NHS,11.0,2014_05
643,Brown_v._Board_of_Education_NHS,4.0,2014_06
644,Brown_v._Board_of_Education_NHS,5.0,2014_07
645,Brown_v._Board_of_Education_NHS,3.0,2014_08
646,Brown_v._Board_of_Education_NHS,5.0,2014_09
647,Brown_v._Board_of_Education_NHS,3.0,2014_10
648,Brown_v._Board_of_Education_NHS,1.0,2014_11
649,Brown_v._Board_of_Education_NHS,1.0,2014_12
650,Brown_v._Board_of_Education_NHS,1.0,2015_01
651,Brown_v._Board_of_Education_NHS,2.0,2015_02
652,Brown_v._Board_of_Education_NHS,5.0,2015_03
653,Brown_v._Board_of_Education_NHS,5.0,2015_04
654,Brown_v._Board_of_Education_NHS,5.0,2015_05
655,Brown_v._Board_of_Education_NHS,3.0,2015_06
656,Brown_v._Board_of_Education_NHS,1.0,2015_07
657,Brown_v._Board_of_Education_NHS,4.0,2015_08
658,Brown_v._Board_of_Education_NHS,2.0,2015_09
659,Brown_v._Board_of_Education_NHS,1.0,2015_10
660,Brown_v._Board_of_Education_NHS,1.0,2015_11
661,Brown_v._Board_of_Education_NHS,2.0,2015_12
662,Brown_v._Board_of_Education_NHS,4.0,2016_01
663,Brown_v._Board_of_Education_NHS,4.0,2016_02
664,Brown_v._Board_of_Education_NHS,6.0,2016_03
665,Brown_v._Board_of_Education_NHS,1.0,2016_04
666,Brown_v._Board_of_Education_NHS,5.0,2016_05
667,Brown_v._Board_of_Education_NHS,0.0,2016_06
668,Brown_v._Board_of_Education_NHS,4.0,2016_07
669,Brown_v._Board_of_Education_NHS,4.0,2016_08
670,Brown_v._Board_of_Education_NHS_[larger],1.0,2014_02
671,Brown_v._Board_of_Education_NHS_[larger],3.0,2014_03
672,Brown_v._Board_of_Education_NHS_[larger],2.0,2014_04
673,Brown_v._Board_of_Education_NHS_[larger],11.0,2014_05
674,Brown_v._Board_of_Education_NHS_[larger],5.0,2014_06
675,Brown_v._Board_of_Education_NHS_[larger],5.0,2014_07
676,Brown_v._Board_of_Education_NHS_[larger],3.0,2014_08
677,Brown_v._Board_of_Education_NHS_[larger],5.0,2014_09
678,Brown_v._Board_of_Education_NHS_[larger],3.0,2014_10
679,Brown_v._Board_of_Education_NHS_[larger],2.0,2014_11
680,Brown_v._Board_of_Education_NHS_[larger],1.0,2014_12
681,Brown_v._Board_of_Education_NHS_[larger],1.0,2015_01
682,Brown_v._Board_of_Education_NHS_[larger],2.0,2015_02
683,Brown_v._Board_of_Education_NHS_[larger],5.0,2015_03
684,Brown_v._Board_of_Education_NHS_[larger],5.0,2015_04
685,Brown_v._Board_of_Education_NHS_[larger],5.0,2015_05
686,Brown_v._Board_of_Education_NHS_[larger],3.0,2015_06
687,Brown_v._Board_of_Education_NHS_[larger],1.0,2015_07
688,Brown_v._Board_of_Education_NHS_[larger],4.0,2015_08
689,Brown_v._Board_of_Education_NHS_[larger],2.0,2015_09
690,Brown_v._Board_of_Education_NHS_[larger],1.0,2015_10
691,Brown_v._Board_of_Education_NHS_[larger],1.0,2015_11
692,Brown_v._Board_of_Education_NHS_[larger],2.0,2015_12
693,Brown_v._Board_of_Education_NHS_[larger],4.0,2016_01
694,Brown_v._Board_of_Education_NHS_[larger],4.0,2016_02
695,Brown_v._Board_of_Education_NHS_[larger],8.0,2016_03
696,Brown_v._Board_of_Education_NHS_[larger],1.0,2016_04
697,Brown_v._Board_of_Education_NHS_[larger],5.0,2016_05
698,Brown_v._Board_of_Education_NHS_[larger],0.0,2016_06
699,Brown_v._Board_of_Education_NHS_[larger],4.0,2016_07
700,Brown_v._Board_of_Education_NHS_[larger],4.0,2016_08
701,Bryce_Canyon_NP,18.0,2014_01
702,Bryce_Canyon_NP,16.0,2014_02
703,Bryce_Canyon_NP,44.0,2014_03
704,Bryce_Canyon_NP,90.0,2014_04
705,Bryce_Canyon_NP,74.0,2014_05
706,Bryce_Canyon_NP,121.0,2014_06
707,Bryce_Canyon_NP,114.0,2014_07
708,Bryce_Canyon_NP,100.0,2014_08
709,Bryce_Canyon_NP,54.0,2014_09
710,Bryce_Canyon_NP,58.0,2014_10
711,Bryce_Canyon_NP,34.0,2014_11
712,Bryce_Canyon_NP,30.0,2014_12
713,Bryce_Canyon_NP,19.0,2015_01
714,Bryce_Canyon_NP,11.0,2015_02
715,Bryce_Canyon_NP,39.0,2015_03
716,Bryce_Canyon_NP,52.0,2015_04
717,Bryce_Canyon_NP,54.0,2015_05
718,Bryce_Canyon_NP,61.0,2015_06
719,Bryce_Canyon_NP,76.0,2015_07
720,Bryce_Canyon_NP,75.0,2015_08
721,Bryce_Canyon_NP,115.0,2015_09
722,Bryce_Canyon_NP,83.0,2015_10
723,Bryce_Canyon_NP,57.0,2015_11
724,Bryce_Canyon_NP,39.0,2015_12
725,Bryce_Canyon_NP,35.0,2016_01
726,Bryce_Canyon_NP,26.0,2016_02
727,Bryce_Canyon_NP,58.0,2016_03
728,Bryce_Canyon_NP,55.0,2016_04
729,Bryce_Canyon_NP,72.0,2016_05
730,Bryce_Canyon_NP,96.0,2016_06
731,Bryce_Canyon_NP,114.0,2016_07
732,Bryce_Canyon_NP,216.0,2016_08
733,Buck_Island_Reef_NM,3.0,2014_04
734,Buck_Island_Reef_NM,5.0,2014_05
735,Buck_Island_Reef_NM,5.0,2014_06
736,Buck_Island_Reef_NM,0.0,2014_07
737,Buck_Island_Reef_NM,0.0,2014_08
738,Buck_Island_Reef_NM,0.0,2014_09
739,Buck_Island_Reef_NM,2.0,2014_10
740,Buck_Island_Reef_NM,0.0,2014_11
741,Buck_Island_Reef_NM,1.0,2014_12
742,Buck_Island_Reef_NM,4.0,2015_01
743,Buck_Island_Reef_NM,1.0,2015_02
744,Buck_Island_Reef_NM,5.0,2015_03
745,Buck_Island_Reef_NM,8.0,2015_04
746,Buck_Island_Reef_NM,2.0,2015_05
747,Buck_Island_Reef_NM,0.0,2015_06
748,Buck_Island_Reef_NM,2.0,2015_07
749,Buck_Island_Reef_NM,0.0,2015_08
750,Buck_Island_Reef_NM,3.0,2015_09
751,Buck_Island_Reef_NM,4.0,2015_10
752,Buck_Island_Reef_NM,2.0,2015_11
753,Buck_Island_Reef_NM,3.0,2015_12
754,Buck_Island_Reef_NM,3.0,2016_01
755,Buck_Island_Reef_NM,0.0,2016_02
756,Buck_Island_Reef_NM,2.0,2016_03
757,Buck_Island_Reef_NM,1.0,2016_04
758,Buck_Island_Reef_NM,0.0,2016_05
759,Buck_Island_Reef_NM,0.0,2016_06
760,Buck_Island_Reef_NM,0.0,2016_07
761,Buck_Island_Reef_NM,1.0,2016_08
762,Cabrillo_NM,55.0,2014_01
763,Cabrillo_NM,35.0,2014_02
764,Cabrillo_NM,48.0,2014_03
765,Cabrillo_NM,44.0,2014_04
766,Cabrillo_NM,42.0,2014_05
767,Cabrillo_NM,61.0,2014_06
768,Cabrillo_NM,61.0,2014_07
769,Cabrillo_NM,73.0,2014_08
770,Cabrillo_NM,64.0,2014_09
771,Cabrillo_NM,46.0,2014_10
772,Cabrillo_NM,55.0,2014_11
773,Cabrillo_NM,51.0,2014_12
774,Cabrillo_NM,58.0,2015_01
775,Cabrillo_NM,47.0,2015_02
776,Cabrillo_NM,69.0,2015_03
777,Cabrillo_NM,71.0,2015_04
778,Cabrillo_NM,68.0,2015_05
779,Cabrillo_NM,53.0,2015_06
780,Cabrillo_NM,59.0,2015_07
781,Cabrillo_NM,76.0,2015_08
782,Cabrillo_NM,76.0,2015_09
783,Cabrillo_NM,61.0,2015_10
784,Cabrillo_NM,73.0,2015_11
785,Cabrillo_NM,46.0,2015_12
786,Cabrillo_NM,70.0,2016_01
787,Cabrillo_NM,69.0,2016_02
788,Cabrillo_NM,78.0,2016_03
789,Cabrillo_NM,80.0,2016_04
790,Cabrillo_NM,60.0,2016_05
791,Cabrillo_NM,68.0,2016_06
792,Cabrillo_NM,75.0,2016_07
793,Cabrillo_NM,79.0,2016_08
794,Canyon_de_Chelly_NM,3.0,2014_01
795,Canyon_de_Chelly_NM,0.0,2014_02
796,Canyon_de_Chelly_NM,7.0,2014_03
797,Canyon_de_Chelly_NM,3.0,2014_04
798,Canyon_de_Chelly_NM,4.0,2014_05
799,Canyon_de_Chelly_NM,8.0,2014_06
800,Canyon_de_Chelly_NM,8.0,2014_07
801,Canyon_de_Chelly_NM,16.0,2014_08
802,Canyon_de_Chelly_NM,13.0,2014_09
803,Canyon_de_Chelly_NM,7.0,2014_10
804,Canyon_de_Chelly_NM,5.0,2014_11
805,Canyon_de_Chelly_NM,3.0,2014_12
806,Canyon_de_Chelly_NM,4.0,2015_01
807,Canyon_de_Chelly_NM,7.0,2015_02
808,Canyon_de_Chelly_NM,13.0,2015_03
809,Canyon_de_Chelly_NM,12.0,2015_04
810,Canyon_de_Chelly_NM,2.0,2015_05
811,Canyon_de_Chelly_NM,2.0,2015_06
812,Canyon_de_Chelly_NM,1.0,2015_07
813,Canyon_de_Chelly_NM,9.0,2015_08
814,Canyon_de_Chelly_NM,3.0,2015_09
815,Canyon_de_Chelly_NM,8.0,2015_10
816,Canyon_de_Chelly_NM,5.0,2015_11
817,Canyon_de_Chelly_NM,1.0,2015_12
818,Canyon_de_Chelly_NM,5.0,2016_01
819,Canyon_de_Chelly_NM,2.0,2016_02
820,Canyon_de_Chelly_NM,7.0,2016_03
821,Canyon_de_Chelly_NM,6.0,2016_04
822,Canyon_de_Chelly_NM,10.0,2016_05
823,Canyon_de_Chelly_NM,14.0,2016_06
824,Canyon_de_Chelly_NM,13.0,2016_07
825,Canyon_de_Chelly_NM,10.0,2016_08
826,Canyonlands_NP,11.0,2014_01
827,Canyonlands_NP,7.0,2014_02
828,Canyonlands_NP,14.0,2014_03
829,Canyonlands_NP,16.0,2014_04
830,Canyonlands_NP,29.0,2014_05
831,Canyonlands_NP,20.0,2014_06
832,Canyonlands_NP,16.0,2014_07
833,Canyonlands_NP,22.0,2014_08
834,Canyonlands_NP,21.0,2014_09
835,Canyonlands_NP,12.0,2014_10
836,Canyonlands_NP,9.0,2014_11
837,Canyonlands_NP,4.0,2014_12
838,Canyonlands_NP,9.0,2015_01
839,Canyonlands_NP,13.0,2015_02
840,Canyonlands_NP,23.0,2015_03
841,Canyonlands_NP,20.0,2015_04
842,Canyonlands_NP,39.0,2015_05
843,Canyonlands_NP,23.0,2015_06
844,Canyonlands_NP,23.0,2015_07
845,Canyonlands_NP,41.0,2015_08
846,Canyonlands_NP,38.0,2015_09
847,Canyonlands_NP,41.0,2015_10
848,Canyonlands_NP,34.0,2015_11
849,Canyonlands_NP,20.0,2015_12
850,Canyonlands_NP,8.0,2016_01
851,Canyonlands_NP,16.0,2016_02
852,Canyonlands_NP,47.0,2016_03
853,Canyonlands_NP,60.0,2016_04
854,Canyonlands_NP,56.0,2016_05
855,Canyonlands_NP,71.0,2016_06
856,Canyonlands_NP,65.0,2016_07
857,Canyonlands_NP,77.0,2016_08
